,userID,count,mean,std,min,25%,50%,75%,max
0,1,1.0,1.0,,1.0,1.0,1.0,1.0,1.0
1,17,2.0,17.0,0.0,17.0,17.0,17.0,17.0,17.0
2,22,70.0,22.0,0.0,22.0,22.0,22.0,22.0,22.0
3,43,1.0,43.0,,43.0,43.0,43.0,43.0,43.0
4,45,1.0,45.0,,45.0,45.0,45.0,45.0,45.0
5,58,11.0,58.0,0.0,58.0,58.0,58.0,58.0,58.0
6,61,56.0,61.0,0.0,61.0,61.0,61.0,61.0,61.0
7,65,3.0,65.0,0.0,65.0,65.0,65.0,65.0,65.0
8,66,50.0,66.0,0.0,66.0,66.0,66.0,66.0,66.0
9,67,160.0,67.0,0.0,67.0,67.0,67.0,67.0,67.0
10,68,98.0,68.0,0.0,68.0,68.0,68.0,68.0,68.0
11,69,183.0,69.0,0.0,69.0,69.0,69.0,69.0,69.0
12,75,2.0,75.0,0.0,75.0,75.0,75.0,75.0,75.0
13,76,3.0,76.0,0.0,76.0,76.0,76.0,76.0,76.0
14,159,44.0,159.0,0.0,159.0,159.0,159.0,159.0,159.0
15,160,13.0,160.0,0.0,160.0,160.0,160.0,160.0,160.0
16,162,88.0,162.0,0.0,162.0,162.0,162.0,162.0,162.0
17,167,1.0,167.0,,167.0,167.0,167.0,167.0,167.0
18,171,23.0,171.0,0.0,171.0,171.0,171.0,171.0,171.0
19,176,4.0,176.0,0.0,176.0,176.0,176.0,176.0,176.0
20,183,1.0,183.0,,183.0,183.0,183.0,183.0,183.0
21,190,4.0,190.0,0.0,190.0,190.0,190.0,190.0,190.0
22,214,1.0,214.0,,214.0,214.0,214.0,214.0,214.0
23,216,39.0,216.0,0.0,216.0,216.0,216.0,216.0,216.0
24,222,49.0,222.0,0.0,222.0,222.0,222.0,222.0,222.0
25,231,23.0,231.0,0.0,231.0,231.0,231.0,231.0,231.0
26,232,18.0,232.0,0.0,232.0,232.0,232.0,232.0,232.0
27,234,82.0,234.0,0.0,234.0,234.0,234.0,234.0,234.0
28,241,2.0,241.0,0.0,241.0,241.0,241.0,241.0,241.0
29,242,35.0,242.0,0.0,242.0,242.0,242.0,242.0,242.0
30,243,53.0,243.0,0.0,243.0,243.0,243.0,243.0,243.0
31,248,126.0,248.0,0.0,248.0,248.0,248.0,248.0,248.0
32,249,3.0,249.0,0.0,249.0,249.0,249.0,249.0,249.0
33,250,1.0,250.0,,250.0,250.0,250.0,250.0,250.0
34,257,15.0,257.0,0.0,257.0,257.0,257.0,257.0,257.0
35,258,7.0,258.0,0.0,258.0,258.0,258.0,258.0,258.0
36,259,44.0,259.0,0.0,259.0,259.0,259.0,259.0,259.0
37,272,5.0,272.0,0.0,272.0,272.0,272.0,272.0,272.0
38,273,16.0,273.0,0.0,273.0,273.0,273.0,273.0,273.0
39,280,53.0,280.0,0.0,280.0,280.0,280.0,280.0,280.0
40,286,5.0,286.0,0.0,286.0,286.0,286.0,286.0,286.0
41,287,1.0,287.0,,287.0,287.0,287.0,287.0,287.0
42,289,14.0,289.0,0.0,289.0,289.0,289.0,289.0,289.0
43,290,56.0,290.0,0.0,290.0,290.0,290.0,290.0,290.0
44,291,119.0,291.0,0.0,291.0,291.0,291.0,291.0,291.0
45,292,63.0,292.0,0.0,292.0,292.0,292.0,292.0,292.0
46,295,1.0,295.0,,295.0,295.0,295.0,295.0,295.0
47,297,24.0,297.0,0.0,297.0,297.0,297.0,297.0,297.0
48,300,118.0,300.0,0.0,300.0,300.0,300.0,300.0,300.0
49,301,16.0,301.0,0.0,301.0,301.0,301.0,301.0,301.0
50,303,18.0,303.0,0.0,303.0,303.0,303.0,303.0,303.0
51,311,24.0,311.0,0.0,311.0,311.0,311.0,311.0,311.0
52,313,16.0,313.0,0.0,313.0,313.0,313.0,313.0,313.0
53,315,4.0,315.0,0.0,315.0,315.0,315.0,315.0,315.0
54,316,4.0,316.0,0.0,316.0,316.0,316.0,316.0,316.0
55,324,259.0,324.0,0.0,324.0,324.0,324.0,324.0,324.0
56,325,7.0,325.0,0.0,325.0,325.0,325.0,325.0,325.0
57,329,1.0,329.0,,329.0,329.0,329.0,329.0,329.0
58,335,2.0,335.0,0.0,335.0,335.0,335.0,335.0,335.0
59,336,6.0,336.0,0.0,336.0,336.0,336.0,336.0,336.0
60,340,14.0,340.0,0.0,340.0,340.0,340.0,340.0,340.0
61,342,39.0,342.0,0.0,342.0,342.0,342.0,342.0,342.0
62,346,2.0,346.0,0.0,346.0,346.0,346.0,346.0,346.0
63,347,9.0,347.0,0.0,347.0,347.0,347.0,347.0,347.0
64,350,1.0,350.0,,350.0,350.0,350.0,350.0,350.0
65,358,17.0,358.0,0.0,358.0,358.0,358.0,358.0,358.0
66,362,10.0,362.0,0.0,362.0,362.0,362.0,362.0,362.0
67,364,23.0,364.0,0.0,364.0,364.0,364.0,364.0,364.0
68,365,96.0,365.0,0.0,365.0,365.0,365.0,365.0,365.0
69,369,1.0,369.0,,369.0,369.0,369.0,369.0,369.0
70,372,2.0,372.0,0.0,372.0,372.0,372.0,372.0,372.0
71,376,12.0,376.0,0.0,376.0,376.0,376.0,376.0,376.0
72,379,1.0,379.0,,379.0,379.0,379.0,379.0,379.0
73,393,1.0,393.0,,393.0,393.0,393.0,393.0,393.0
74,394,1.0,394.0,,394.0,394.0,394.0,394.0,394.0
75,396,3.0,396.0,0.0,396.0,396.0,396.0,396.0,396.0
76,400,4.0,400.0,0.0,400.0,400.0,400.0,400.0,400.0
77,412,1.0,412.0,,412.0,412.0,412.0,412.0,412.0
78,419,1.0,419.0,,419.0,419.0,419.0,419.0,419.0
79,420,8.0,420.0,0.0,420.0,420.0,420.0,420.0,420.0
80,423,4.0,423.0,0.0,423.0,423.0,423.0,423.0,423.0
81,428,1.0,428.0,,428.0,428.0,428.0,428.0,428.0
82,431,115.0,431.0,0.0,431.0,431.0,431.0,431.0,431.0
83,433,13.0,433.0,0.0,433.0,433.0,433.0,433.0,433.0
84,438,8.0,438.0,0.0,438.0,438.0,438.0,438.0,438.0
85,440,2.0,440.0,0.0,440.0,440.0,440.0,440.0,440.0
86,444,1.0,444.0,,444.0,444.0,444.0,444.0,444.0
87,448,1.0,448.0,,448.0,448.0,448.0,448.0,448.0
88,459,2.0,459.0,0.0,459.0,459.0,459.0,459.0,459.0
89,461,2.0,461.0,0.0,461.0,461.0,461.0,461.0,461.0
90,489,62.0,489.0,0.0,489.0,489.0,489.0,489.0,489.0
91,513,46.0,513.0,0.0,513.0,513.0,513.0,513.0,513.0
92,515,174.0,515.0,0.0,515.0,515.0,515.0,515.0,515.0
93,516,11.0,516.0,0.0,516.0,516.0,516.0,516.0,516.0
94,519,4.0,519.0,0.0,519.0,519.0,519.0,519.0,519.0
95,525,1.0,525.0,,525.0,525.0,525.0,525.0,525.0
96,533,4.0,533.0,0.0,533.0,533.0,533.0,533.0,533.0
97,541,1.0,541.0,,541.0,541.0,541.0,541.0,541.0
98,543,1.0,543.0,,543.0,543.0,543.0,543.0,543.0
99,556,87.0,556.0,0.0,556.0,556.0,556.0,556.0,556.0
100,558,256.0,558.0,0.0,558.0,558.0,558.0,558.0,558.0
101,559,173.0,559.0,0.0,559.0,559.0,559.0,559.0,559.0
102,560,291.0,560.0,0.0,560.0,560.0,560.0,560.0,560.0
103,562,445.0,562.0,0.0,562.0,562.0,562.0,562.0,562.0
104,563,29.0,563.0,0.0,563.0,563.0,563.0,563.0,563.0
105,564,91.0,564.0,0.0,564.0,564.0,564.0,564.0,564.0
106,565,32.0,565.0,0.0,565.0,565.0,565.0,565.0,565.0
107,566,70.0,566.0,0.0,566.0,566.0,566.0,566.0,566.0
108,567,285.0,567.0,0.0,567.0,567.0,567.0,567.0,567.0
109,569,232.0,569.0,0.0,569.0,569.0,569.0,569.0,569.0
110,579,49.0,579.0,0.0,579.0,579.0,579.0,579.0,579.0
111,588,1.0,588.0,,588.0,588.0,588.0,588.0,588.0
112,593,12.0,593.0,0.0,593.0,593.0,593.0,593.0,593.0
113,609,165.0,609.0,0.0,609.0,609.0,609.0,609.0,609.0
114,620,130.0,620.0,0.0,620.0,620.0,620.0,620.0,620.0
115,627,8.0,627.0,0.0,627.0,627.0,627.0,627.0,627.0
116,629,22.0,629.0,0.0,629.0,629.0,629.0,629.0,629.0
117,630,13.0,630.0,0.0,630.0,630.0,630.0,630.0,630.0
118,632,94.0,632.0,0.0,632.0,632.0,632.0,632.0,632.0
119,634,39.0,634.0,0.0,634.0,634.0,634.0,634.0,634.0
120,637,66.0,637.0,0.0,637.0,637.0,637.0,637.0,637.0
121,639,4.0,639.0,0.0,639.0,639.0,639.0,639.0,639.0
122,667,15.0,667.0,0.0,667.0,667.0,667.0,667.0,667.0
123,668,204.0,668.0,0.0,668.0,668.0,668.0,668.0,668.0
124,669,18.0,669.0,0.0,669.0,669.0,669.0,669.0,669.0
125,671,43.0,671.0,0.0,671.0,671.0,671.0,671.0,671.0
126,674,22.0,674.0,0.0,674.0,674.0,674.0,674.0,674.0
127,675,55.0,675.0,0.0,675.0,675.0,675.0,675.0,675.0
128,676,134.0,676.0,0.0,676.0,676.0,676.0,676.0,676.0
129,677,47.0,677.0,0.0,677.0,677.0,677.0,677.0,677.0
130,686,23.0,686.0,0.0,686.0,686.0,686.0,686.0,686.0
131,697,116.0,697.0,0.0,697.0,697.0,697.0,697.0,697.0
132,698,1.0,698.0,,698.0,698.0,698.0,698.0,698.0
133,710,87.0,710.0,0.0,710.0,710.0,710.0,710.0,710.0
134,712,252.0,712.0,0.0,712.0,712.0,712.0,712.0,712.0
135,714,235.0,714.0,0.0,714.0,714.0,714.0,714.0,714.0
136,724,10.0,724.0,0.0,724.0,724.0,724.0,724.0,724.0
137,734,22.0,734.0,0.0,734.0,734.0,734.0,734.0,734.0
138,743,596.0,743.0,0.0,743.0,743.0,743.0,743.0,743.0
139,744,9.0,744.0,0.0,744.0,744.0,744.0,744.0,744.0
140,751,60.0,751.0,0.0,751.0,751.0,751.0,751.0,751.0
141,752,17.0,752.0,0.0,752.0,752.0,752.0,752.0,752.0
142,754,123.0,754.0,0.0,754.0,754.0,754.0,754.0,754.0
143,755,18.0,755.0,0.0,755.0,755.0,755.0,755.0,755.0
144,774,45.0,774.0,0.0,774.0,774.0,774.0,774.0,774.0
145,777,91.0,777.0,0.0,777.0,777.0,777.0,777.0,777.0
146,781,24.0,781.0,0.0,781.0,781.0,781.0,781.0,781.0
147,798,41.0,798.0,0.0,798.0,798.0,798.0,798.0,798.0
148,818,102.0,818.0,0.0,818.0,818.0,818.0,818.0,818.0
149,828,1.0,828.0,,828.0,828.0,828.0,828.0,828.0
150,832,138.0,832.0,0.0,832.0,832.0,832.0,832.0,832.0
151,838,377.0,838.0,0.0,838.0,838.0,838.0,838.0,838.0
152,850,67.0,850.0,0.0,850.0,850.0,850.0,850.0,850.0
153,858,181.0,858.0,0.0,858.0,858.0,858.0,858.0,858.0
154,859,1.0,859.0,,859.0,859.0,859.0,859.0,859.0
155,867,22.0,867.0,0.0,867.0,867.0,867.0,867.0,867.0
156,869,2.0,869.0,0.0,869.0,869.0,869.0,869.0,869.0
157,875,6.0,875.0,0.0,875.0,875.0,875.0,875.0,875.0
158,883,8.0,883.0,0.0,883.0,883.0,883.0,883.0,883.0
159,891,309.0,891.0,0.0,891.0,891.0,891.0,891.0,891.0
160,915,6.0,915.0,0.0,915.0,915.0,915.0,915.0,915.0
161,924,7.0,924.0,0.0,924.0,924.0,924.0,924.0,924.0
162,945,92.0,945.0,0.0,945.0,945.0,945.0,945.0,945.0
163,958,30.0,958.0,0.0,958.0,958.0,958.0,958.0,958.0
164,999,3.0,999.0,0.0,999.0,999.0,999.0,999.0,999.0
165,1001,98.0,1001.0,0.0,1001.0,1001.0,1001.0,1001.0,1001.0
166,1007,46.0,1007.0,0.0,1007.0,1007.0,1007.0,1007.0,1007.0
167,1011,7.0,1011.0,0.0,1011.0,1011.0,1011.0,1011.0,1011.0
168,1021,35.0,1021.0,0.0,1021.0,1021.0,1021.0,1021.0,1021.0
169,1025,1.0,1025.0,,1025.0,1025.0,1025.0,1025.0,1025.0
170,1039,66.0,1039.0,0.0,1039.0,1039.0,1039.0,1039.0,1039.0
171,1055,2.0,1055.0,0.0,1055.0,1055.0,1055.0,1055.0,1055.0
172,1064,36.0,1064.0,0.0,1064.0,1064.0,1064.0,1064.0,1064.0
173,1070,12.0,1070.0,0.0,1070.0,1070.0,1070.0,1070.0,1070.0
174,1082,221.0,1082.0,0.0,1082.0,1082.0,1082.0,1082.0,1082.0
175,1083,183.0,1083.0,0.0,1083.0,1083.0,1083.0,1083.0,1083.0
176,1085,64.0,1085.0,0.0,1085.0,1085.0,1085.0,1085.0,1085.0
177,1086,13.0,1086.0,0.0,1086.0,1086.0,1086.0,1086.0,1086.0
178,1087,55.0,1087.0,0.0,1087.0,1087.0,1087.0,1087.0,1087.0
179,1089,13.0,1089.0,0.0,1089.0,1089.0,1089.0,1089.0,1089.0
180,1090,16.0,1090.0,0.0,1090.0,1090.0,1090.0,1090.0,1090.0
181,1091,57.0,1091.0,0.0,1091.0,1091.0,1091.0,1091.0,1091.0
182,1092,32.0,1092.0,0.0,1092.0,1092.0,1092.0,1092.0,1092.0
183,1093,76.0,1093.0,0.0,1093.0,1093.0,1093.0,1093.0,1093.0
184,1094,12.0,1094.0,0.0,1094.0,1094.0,1094.0,1094.0,1094.0
185,1095,271.0,1095.0,0.0,1095.0,1095.0,1095.0,1095.0,1095.0
186,1097,22.0,1097.0,0.0,1097.0,1097.0,1097.0,1097.0,1097.0
187,1099,125.0,1099.0,0.0,1099.0,1099.0,1099.0,1099.0,1099.0
188,1102,26.0,1102.0,0.0,1102.0,1102.0,1102.0,1102.0,1102.0
189,1104,186.0,1104.0,0.0,1104.0,1104.0,1104.0,1104.0,1104.0
190,1105,9.0,1105.0,0.0,1105.0,1105.0,1105.0,1105.0,1105.0
191,1108,102.0,1108.0,0.0,1108.0,1108.0,1108.0,1108.0,1108.0
192,1110,8.0,1110.0,0.0,1110.0,1110.0,1110.0,1110.0,1110.0
193,1111,14.0,1111.0,0.0,1111.0,1111.0,1111.0,1111.0,1111.0
194,1120,36.0,1120.0,0.0,1120.0,1120.0,1120.0,1120.0,1120.0
195,1122,15.0,1122.0,0.0,1122.0,1122.0,1122.0,1122.0,1122.0
196,1123,31.0,1123.0,0.0,1123.0,1123.0,1123.0,1123.0,1123.0
197,1124,254.0,1124.0,0.0,1124.0,1124.0,1124.0,1124.0,1124.0
198,1126,88.0,1126.0,0.0,1126.0,1126.0,1126.0,1126.0,1126.0
199,1133,104.0,1133.0,0.0,1133.0,1133.0,1133.0,1133.0,1133.0
200,1135,137.0,1135.0,0.0,1135.0,1135.0,1135.0,1135.0,1135.0
201,1137,120.0,1137.0,0.0,1137.0,1137.0,1137.0,1137.0,1137.0
202,1142,15.0,1142.0,0.0,1142.0,1142.0,1142.0,1142.0,1142.0
203,1152,46.0,1152.0,0.0,1152.0,1152.0,1152.0,1152.0,1152.0
204,1153,41.0,1153.0,0.0,1153.0,1153.0,1153.0,1153.0,1153.0
205,1154,106.0,1154.0,0.0,1154.0,1154.0,1154.0,1154.0,1154.0
206,1161,112.0,1161.0,0.0,1161.0,1161.0,1161.0,1161.0,1161.0
207,1162,3.0,1162.0,0.0,1162.0,1162.0,1162.0,1162.0,1162.0
208,1164,96.0,1164.0,0.0,1164.0,1164.0,1164.0,1164.0,1164.0
209,1202,109.0,1202.0,0.0,1202.0,1202.0,1202.0,1202.0,1202.0
210,1208,67.0,1208.0,0.0,1208.0,1208.0,1208.0,1208.0,1208.0
211,1214,61.0,1214.0,0.0,1214.0,1214.0,1214.0,1214.0,1214.0
212,1215,10.0,1215.0,0.0,1215.0,1215.0,1215.0,1215.0,1215.0
213,1222,95.0,1222.0,0.0,1222.0,1222.0,1222.0,1222.0,1222.0
214,1225,26.0,1225.0,0.0,1225.0,1225.0,1225.0,1225.0,1225.0
215,1231,12.0,1231.0,0.0,1231.0,1231.0,1231.0,1231.0,1231.0
216,1236,64.0,1236.0,0.0,1236.0,1236.0,1236.0,1236.0,1236.0
217,1238,13.0,1238.0,0.0,1238.0,1238.0,1238.0,1238.0,1238.0
218,1243,37.0,1243.0,0.0,1243.0,1243.0,1243.0,1243.0,1243.0
219,1244,6.0,1244.0,0.0,1244.0,1244.0,1244.0,1244.0,1244.0
220,1249,3.0,1249.0,0.0,1249.0,1249.0,1249.0,1249.0,1249.0
221,1257,13.0,1257.0,0.0,1257.0,1257.0,1257.0,1257.0,1257.0
222,1263,79.0,1263.0,0.0,1263.0,1263.0,1263.0,1263.0,1263.0
223,1272,47.0,1272.0,0.0,1272.0,1272.0,1272.0,1272.0,1272.0
224,1274,66.0,1274.0,0.0,1274.0,1274.0,1274.0,1274.0,1274.0
225,1285,29.0,1285.0,0.0,1285.0,1285.0,1285.0,1285.0,1285.0
226,1286,23.0,1286.0,0.0,1286.0,1286.0,1286.0,1286.0,1286.0
227,1293,6.0,1293.0,0.0,1293.0,1293.0,1293.0,1293.0,1293.0
228,1297,1.0,1297.0,,1297.0,1297.0,1297.0,1297.0,1297.0
229,1302,2.0,1302.0,0.0,1302.0,1302.0,1302.0,1302.0,1302.0
230,1309,28.0,1309.0,0.0,1309.0,1309.0,1309.0,1309.0,1309.0
231,1314,10.0,1314.0,0.0,1314.0,1314.0,1314.0,1314.0,1314.0
232,1316,13.0,1316.0,0.0,1316.0,1316.0,1316.0,1316.0,1316.0
233,1325,1.0,1325.0,,1325.0,1325.0,1325.0,1325.0,1325.0
234,1327,10.0,1327.0,0.0,1327.0,1327.0,1327.0,1327.0,1327.0
235,1336,1.0,1336.0,,1336.0,1336.0,1336.0,1336.0,1336.0
236,1339,1.0,1339.0,,1339.0,1339.0,1339.0,1339.0,1339.0
237,1346,52.0,1346.0,0.0,1346.0,1346.0,1346.0,1346.0,1346.0
238,1356,2.0,1356.0,0.0,1356.0,1356.0,1356.0,1356.0,1356.0
239,1359,1.0,1359.0,,1359.0,1359.0,1359.0,1359.0,1359.0
240,1364,49.0,1364.0,0.0,1364.0,1364.0,1364.0,1364.0,1364.0
241,1366,228.0,1366.0,0.0,1366.0,1366.0,1366.0,1366.0,1366.0
242,1367,4.0,1367.0,0.0,1367.0,1367.0,1367.0,1367.0,1367.0
243,1374,7.0,1374.0,0.0,1374.0,1374.0,1374.0,1374.0,1374.0
244,1384,25.0,1384.0,0.0,1384.0,1384.0,1384.0,1384.0,1384.0
245,1394,1.0,1394.0,,1394.0,1394.0,1394.0,1394.0,1394.0
246,1395,36.0,1395.0,0.0,1395.0,1395.0,1395.0,1395.0,1395.0
247,1397,6.0,1397.0,0.0,1397.0,1397.0,1397.0,1397.0,1397.0
248,1408,6.0,1408.0,0.0,1408.0,1408.0,1408.0,1408.0,1408.0
249,1410,10.0,1410.0,0.0,1410.0,1410.0,1410.0,1410.0,1410.0
250,1453,11.0,1453.0,0.0,1453.0,1453.0,1453.0,1453.0,1453.0
251,1458,8.0,1458.0,0.0,1458.0,1458.0,1458.0,1458.0,1458.0
252,1470,326.0,1470.0,0.0,1470.0,1470.0,1470.0,1470.0,1470.0
253,1471,3.0,1471.0,0.0,1471.0,1471.0,1471.0,1471.0,1471.0
254,1473,33.0,1473.0,0.0,1473.0,1473.0,1473.0,1473.0,1473.0
255,1481,34.0,1481.0,0.0,1481.0,1481.0,1481.0,1481.0,1481.0
256,1499,5.0,1499.0,0.0,1499.0,1499.0,1499.0,1499.0,1499.0
257,1509,17.0,1509.0,0.0,1509.0,1509.0,1509.0,1509.0,1509.0
258,1524,102.0,1524.0,0.0,1524.0,1524.0,1524.0,1524.0,1524.0
259,1525,5.0,1525.0,0.0,1525.0,1525.0,1525.0,1525.0,1525.0
260,1526,34.0,1526.0,0.0,1526.0,1526.0,1526.0,1526.0,1526.0
261,1534,122.0,1534.0,0.0,1534.0,1534.0,1534.0,1534.0,1534.0
262,1539,21.0,1539.0,0.0,1539.0,1539.0,1539.0,1539.0,1539.0
263,1546,1.0,1546.0,,1546.0,1546.0,1546.0,1546.0,1546.0
264,1564,86.0,1564.0,0.0,1564.0,1564.0,1564.0,1564.0,1564.0
265,1573,6.0,1573.0,0.0,1573.0,1573.0,1573.0,1573.0,1573.0
266,1604,1.0,1604.0,,1604.0,1604.0,1604.0,1604.0,1604.0
267,1606,6.0,1606.0,0.0,1606.0,1606.0,1606.0,1606.0,1606.0
268,1616,2.0,1616.0,0.0,1616.0,1616.0,1616.0,1616.0,1616.0
269,1626,22.0,1626.0,0.0,1626.0,1626.0,1626.0,1626.0,1626.0
270,1649,9.0,1649.0,0.0,1649.0,1649.0,1649.0,1649.0,1649.0
271,1667,2.0,1667.0,0.0,1667.0,1667.0,1667.0,1667.0,1667.0
272,1712,9.0,1712.0,0.0,1712.0,1712.0,1712.0,1712.0,1712.0
273,1718,1.0,1718.0,,1718.0,1718.0,1718.0,1718.0,1718.0
274,1725,1.0,1725.0,,1725.0,1725.0,1725.0,1725.0,1725.0
275,1726,37.0,1726.0,0.0,1726.0,1726.0,1726.0,1726.0,1726.0
276,1727,7.0,1727.0,0.0,1727.0,1727.0,1727.0,1727.0,1727.0
277,1746,259.0,1746.0,0.0,1746.0,1746.0,1746.0,1746.0,1746.0
278,1752,6.0,1752.0,0.0,1752.0,1752.0,1752.0,1752.0,1752.0
279,1754,4.0,1754.0,0.0,1754.0,1754.0,1754.0,1754.0,1754.0
280,1792,3.0,1792.0,0.0,1792.0,1792.0,1792.0,1792.0,1792.0
281,1797,2.0,1797.0,0.0,1797.0,1797.0,1797.0,1797.0,1797.0
282,1816,4.0,1816.0,0.0,1816.0,1816.0,1816.0,1816.0,1816.0
283,1820,10.0,1820.0,0.0,1820.0,1820.0,1820.0,1820.0,1820.0
284,1826,12.0,1826.0,0.0,1826.0,1826.0,1826.0,1826.0,1826.0
285,1828,3.0,1828.0,0.0,1828.0,1828.0,1828.0,1828.0,1828.0
286,1864,65.0,1864.0,0.0,1864.0,1864.0,1864.0,1864.0,1864.0
287,1902,3.0,1902.0,0.0,1902.0,1902.0,1902.0,1902.0,1902.0
288,1912,176.0,1912.0,0.0,1912.0,1912.0,1912.0,1912.0,1912.0
289,1915,6.0,1915.0,0.0,1915.0,1915.0,1915.0,1915.0,1915.0
290,1920,152.0,1920.0,0.0,1920.0,1920.0,1920.0,1920.0,1920.0
291,1938,29.0,1938.0,0.0,1938.0,1938.0,1938.0,1938.0,1938.0
292,1943,26.0,1943.0,0.0,1943.0,1943.0,1943.0,1943.0,1943.0
293,1953,16.0,1953.0,0.0,1953.0,1953.0,1953.0,1953.0,1953.0
294,1957,49.0,1957.0,0.0,1957.0,1957.0,1957.0,1957.0,1957.0
295,1991,5.0,1991.0,0.0,1991.0,1991.0,1991.0,1991.0,1991.0
296,2038,4.0,2038.0,0.0,2038.0,2038.0,2038.0,2038.0,2038.0
297,2069,22.0,2069.0,0.0,2069.0,2069.0,2069.0,2069.0,2069.0
298,2087,30.0,2087.0,0.0,2087.0,2087.0,2087.0,2087.0,2087.0
299,2149,43.0,2149.0,0.0,2149.0,2149.0,2149.0,2149.0,2149.0
300,2155,10.0,2155.0,0.0,2155.0,2155.0,2155.0,2155.0,2155.0
301,2170,185.0,2170.0,0.0,2170.0,2170.0,2170.0,2170.0,2170.0
302,2183,5.0,2183.0,0.0,2183.0,2183.0,2183.0,2183.0,2183.0
303,2192,10.0,2192.0,0.0,2192.0,2192.0,2192.0,2192.0,2192.0
304,2213,8.0,2213.0,0.0,2213.0,2213.0,2213.0,2213.0,2213.0
305,2238,6.0,2238.0,0.0,2238.0,2238.0,2238.0,2238.0,2238.0
306,2243,5.0,2243.0,0.0,2243.0,2243.0,2243.0,2243.0,2243.0
307,2244,21.0,2244.0,0.0,2244.0,2244.0,2244.0,2244.0,2244.0
308,2247,3.0,2247.0,0.0,2247.0,2247.0,2247.0,2247.0,2247.0
309,2259,2.0,2259.0,0.0,2259.0,2259.0,2259.0,2259.0,2259.0
310,2275,1.0,2275.0,,2275.0,2275.0,2275.0,2275.0,2275.0
311,2284,3.0,2284.0,0.0,2284.0,2284.0,2284.0,2284.0,2284.0
312,2290,49.0,2290.0,0.0,2290.0,2290.0,2290.0,2290.0,2290.0
313,2291,5.0,2291.0,0.0,2291.0,2291.0,2291.0,2291.0,2291.0
314,2354,7.0,2354.0,0.0,2354.0,2354.0,2354.0,2354.0,2354.0
315,2404,8.0,2404.0,0.0,2404.0,2404.0,2404.0,2404.0,2404.0
316,2461,123.0,2461.0,0.0,2461.0,2461.0,2461.0,2461.0,2461.0
317,2507,1.0,2507.0,,2507.0,2507.0,2507.0,2507.0,2507.0
318,2557,3.0,2557.0,0.0,2557.0,2557.0,2557.0,2557.0,2557.0
319,2563,3.0,2563.0,0.0,2563.0,2563.0,2563.0,2563.0,2563.0
320,2607,3.0,2607.0,0.0,2607.0,2607.0,2607.0,2607.0,2607.0
321,2611,2.0,2611.0,0.0,2611.0,2611.0,2611.0,2611.0,2611.0
322,2678,4.0,2678.0,0.0,2678.0,2678.0,2678.0,2678.0,2678.0
323,2737,9.0,2737.0,0.0,2737.0,2737.0,2737.0,2737.0,2737.0
324,2743,43.0,2743.0,0.0,2743.0,2743.0,2743.0,2743.0,2743.0
325,2814,1.0,2814.0,,2814.0,2814.0,2814.0,2814.0,2814.0
326,2898,21.0,2898.0,0.0,2898.0,2898.0,2898.0,2898.0,2898.0
327,2906,2.0,2906.0,0.0,2906.0,2906.0,2906.0,2906.0,2906.0
328,2945,6.0,2945.0,0.0,2945.0,2945.0,2945.0,2945.0,2945.0
329,2950,64.0,2950.0,0.0,2950.0,2950.0,2950.0,2950.0,2950.0
330,2961,69.0,2961.0,0.0,2961.0,2961.0,2961.0,2961.0,2961.0
331,2972,25.0,2972.0,0.0,2972.0,2972.0,2972.0,2972.0,2972.0
332,3014,1.0,3014.0,,3014.0,3014.0,3014.0,3014.0,3014.0
333,3020,1.0,3020.0,,3020.0,3020.0,3020.0,3020.0,3020.0
334,3034,30.0,3034.0,0.0,3034.0,3034.0,3034.0,3034.0,3034.0
335,3038,1.0,3038.0,,3038.0,3038.0,3038.0,3038.0,3038.0
336,3111,7.0,3111.0,0.0,3111.0,3111.0,3111.0,3111.0,3111.0
337,3119,5.0,3119.0,0.0,3119.0,3119.0,3119.0,3119.0,3119.0
338,3123,46.0,3123.0,0.0,3123.0,3123.0,3123.0,3123.0,3123.0
339,3143,7.0,3143.0,0.0,3143.0,3143.0,3143.0,3143.0,3143.0
340,3159,4.0,3159.0,0.0,3159.0,3159.0,3159.0,3159.0,3159.0
341,3176,14.0,3176.0,0.0,3176.0,3176.0,3176.0,3176.0,3176.0
342,3222,1.0,3222.0,,3222.0,3222.0,3222.0,3222.0,3222.0
343,3233,2.0,3233.0,0.0,3233.0,3233.0,3233.0,3233.0,3233.0
344,3250,18.0,3250.0,0.0,3250.0,3250.0,3250.0,3250.0,3250.0
345,3267,12.0,3267.0,0.0,3267.0,3267.0,3267.0,3267.0,3267.0
346,3270,46.0,3270.0,0.0,3270.0,3270.0,3270.0,3270.0,3270.0
347,3271,5.0,3271.0,0.0,3271.0,3271.0,3271.0,3271.0,3271.0
348,3330,9.0,3330.0,0.0,3330.0,3330.0,3330.0,3330.0,3330.0
349,3336,1.0,3336.0,,3336.0,3336.0,3336.0,3336.0,3336.0
350,3389,40.0,3389.0,0.0,3389.0,3389.0,3389.0,3389.0,3389.0
351,3424,32.0,3424.0,0.0,3424.0,3424.0,3424.0,3424.0,3424.0
352,3447,32.0,3447.0,0.0,3447.0,3447.0,3447.0,3447.0,3447.0
353,3449,27.0,3449.0,0.0,3449.0,3449.0,3449.0,3449.0,3449.0
354,3456,12.0,3456.0,0.0,3456.0,3456.0,3456.0,3456.0,3456.0
355,3556,5.0,3556.0,0.0,3556.0,3556.0,3556.0,3556.0,3556.0
356,3577,10.0,3577.0,0.0,3577.0,3577.0,3577.0,3577.0,3577.0
357,3590,1.0,3590.0,,3590.0,3590.0,3590.0,3590.0,3590.0
358,3600,3.0,3600.0,0.0,3600.0,3600.0,3600.0,3600.0,3600.0
359,3648,2.0,3648.0,0.0,3648.0,3648.0,3648.0,3648.0,3648.0
360,3711,7.0,3711.0,0.0,3711.0,3711.0,3711.0,3711.0,3711.0
361,3751,3.0,3751.0,0.0,3751.0,3751.0,3751.0,3751.0,3751.0
362,3818,4.0,3818.0,0.0,3818.0,3818.0,3818.0,3818.0,3818.0
363,3831,1.0,3831.0,,3831.0,3831.0,3831.0,3831.0,3831.0
364,3852,1.0,3852.0,,3852.0,3852.0,3852.0,3852.0,3852.0
365,3853,68.0,3853.0,0.0,3853.0,3853.0,3853.0,3853.0,3853.0
366,3856,9.0,3856.0,0.0,3856.0,3856.0,3856.0,3856.0,3856.0
367,3876,3.0,3876.0,0.0,3876.0,3876.0,3876.0,3876.0,3876.0
368,3877,7.0,3877.0,0.0,3877.0,3877.0,3877.0,3877.0,3877.0
369,3905,20.0,3905.0,0.0,3905.0,3905.0,3905.0,3905.0,3905.0
370,3968,3.0,3968.0,0.0,3968.0,3968.0,3968.0,3968.0,3968.0
371,3977,7.0,3977.0,0.0,3977.0,3977.0,3977.0,3977.0,3977.0
372,4011,18.0,4011.0,0.0,4011.0,4011.0,4011.0,4011.0,4011.0
373,4054,3.0,4054.0,0.0,4054.0,4054.0,4054.0,4054.0,4054.0
374,4068,3.0,4068.0,0.0,4068.0,4068.0,4068.0,4068.0,4068.0
375,4096,1.0,4096.0,,4096.0,4096.0,4096.0,4096.0,4096.0
376,4269,2.0,4269.0,0.0,4269.0,4269.0,4269.0,4269.0,4269.0
377,4521,5.0,4521.0,0.0,4521.0,4521.0,4521.0,4521.0,4521.0
378,4591,1.0,4591.0,,4591.0,4591.0,4591.0,4591.0,4591.0
379,4595,3.0,4595.0,0.0,4595.0,4595.0,4595.0,4595.0,4595.0
380,4622,45.0,4622.0,0.0,4622.0,4622.0,4622.0,4622.0,4622.0
381,4701,65.0,4701.0,0.0,4701.0,4701.0,4701.0,4701.0,4701.0
382,4758,2.0,4758.0,0.0,4758.0,4758.0,4758.0,4758.0,4758.0
383,4861,4.0,4861.0,0.0,4861.0,4861.0,4861.0,4861.0,4861.0
384,4913,21.0,4913.0,0.0,4913.0,4913.0,4913.0,4913.0,4913.0
385,4947,19.0,4947.0,0.0,4947.0,4947.0,4947.0,4947.0,4947.0
386,4969,4.0,4969.0,0.0,4969.0,4969.0,4969.0,4969.0,4969.0
387,4994,3.0,4994.0,0.0,4994.0,4994.0,4994.0,4994.0,4994.0
388,5019,4.0,5019.0,0.0,5019.0,5019.0,5019.0,5019.0,5019.0
389,5200,3.0,5200.0,0.0,5200.0,5200.0,5200.0,5200.0,5200.0
390,5368,30.0,5368.0,0.0,5368.0,5368.0,5368.0,5368.0,5368.0
391,5471,4.0,5471.0,0.0,5471.0,5471.0,5471.0,5471.0,5471.0
392,5594,98.0,5594.0,0.0,5594.0,5594.0,5594.0,5594.0,5594.0
393,5758,5.0,5758.0,0.0,5758.0,5758.0,5758.0,5758.0,5758.0
394,5768,6.0,5768.0,0.0,5768.0,5768.0,5768.0,5768.0,5768.0
395,5855,5.0,5855.0,0.0,5855.0,5855.0,5855.0,5855.0,5855.0
396,6025,4.0,6025.0,0.0,6025.0,6025.0,6025.0,6025.0,6025.0
397,6049,8.0,6049.0,0.0,6049.0,6049.0,6049.0,6049.0,6049.0
398,6097,4.0,6097.0,0.0,6097.0,6097.0,6097.0,6097.0,6097.0
399,6105,6.0,6105.0,0.0,6105.0,6105.0,6105.0,6105.0,6105.0
400,6435,2.0,6435.0,0.0,6435.0,6435.0,6435.0,6435.0,6435.0
401,6481,6.0,6481.0,0.0,6481.0,6481.0,6481.0,6481.0,6481.0
402,6606,2.0,6606.0,0.0,6606.0,6606.0,6606.0,6606.0,6606.0
403,6623,1.0,6623.0,,6623.0,6623.0,6623.0,6623.0,6623.0
404,6638,1.0,6638.0,,6638.0,6638.0,6638.0,6638.0,6638.0
405,6952,4.0,6952.0,0.0,6952.0,6952.0,6952.0,6952.0,6952.0
