,userID,userID,userID,userID,userID,userID,userID,userID,kWhRequested,kWhRequested,kWhRequested,kWhRequested,kWhRequested,kWhRequested,kWhRequested,kWhRequested
,count,mean,std,min,25%,50%,75%,max,count,mean,std,min,25%,50%,75%,max
userID,,,,,,,,,,,,,,,,
1,1.0,1.0,,1.0,1.0,1.0,1.0,1.0,1.0,5.0,,5.0,5.0,5.0,5.0,5.0
17,2.0,17.0,0.0,17.0,17.0,17.0,17.0,17.0,2.0,10.379999999999999,4.893178925810909,6.92,8.649999999999999,10.379999999999999,12.11,13.84
22,70.0,22.0,0.0,22.0,22.0,22.0,22.0,22.0,70.0,35.25785714285714,18.78352005818924,10.5,22.6625,31.5,42.0,84.0
43,1.0,43.0,,43.0,43.0,43.0,43.0,43.0,1.0,43.4,,43.4,43.4,43.4,43.4,43.4
45,1.0,45.0,,45.0,45.0,45.0,45.0,45.0,1.0,17.5,,17.5,17.5,17.5,17.5,17.5
58,11.0,58.0,0.0,58.0,58.0,58.0,58.0,58.0,11.0,72.81818181818181,23.31874002521655,6.0,70.5,81.0,82.5,90.0
61,56.0,61.0,0.0,61.0,61.0,61.0,61.0,61.0,56.0,14.0,10.901209274037612,5.0,7.5,10.0,17.5,62.5
65,3.0,65.0,0.0,65.0,65.0,65.0,65.0,65.0,3.0,37.2,20.78460969082653,25.2,25.2,25.2,43.2,61.2
66,50.0,66.0,0.0,66.0,66.0,66.0,66.0,66.0,50.0,12.737599999999993,5.341482848461482,3.57,8.0,12.52,16.0,28.0
67,160.0,67.0,0.0,67.0,67.0,67.0,67.0,67.0,160.0,55.7953125,9.05175857140828,5.0,55.0,60.0,60.0,60.0
68,98.0,68.0,0.0,68.0,68.0,68.0,68.0,68.0,98.0,15.862857142857138,5.647693078895319,6.0,12.84,15.0,19.26,44.0
69,183.0,69.0,0.0,69.0,69.0,69.0,69.0,69.0,183.0,29.7103825136612,9.018189882342151,8.0,20.0,30.0,40.0,40.0
75,2.0,75.0,0.0,75.0,75.0,75.0,75.0,75.0,2.0,8.0,0.0,8.0,8.0,8.0,8.0,8.0
76,3.0,76.0,0.0,76.0,76.0,76.0,76.0,76.0,3.0,20.0,0.0,20.0,20.0,20.0,20.0,20.0
159,44.0,159.0,0.0,159.0,159.0,159.0,159.0,159.0,44.0,20.78590909090909,5.857294525148455,4.0,20.0,20.0,22.0,52.0
160,13.0,160.0,0.0,160.0,160.0,160.0,160.0,160.0,13.0,44.0,17.281975195754296,20.0,40.0,40.0,40.0,76.0
162,88.0,162.0,0.0,162.0,162.0,162.0,162.0,162.0,88.0,26.227272727272734,13.638828338735719,4.0,16.75,27.2,34.0,72.0
167,1.0,167.0,,167.0,167.0,167.0,167.0,167.0,1.0,25.0,,25.0,25.0,25.0,25.0,25.0
171,23.0,171.0,0.0,171.0,171.0,171.0,171.0,171.0,23.0,14.826086956521738,3.456248280131657,9.0,12.5,15.0,15.0,20.0
176,4.0,176.0,0.0,176.0,176.0,176.0,176.0,176.0,4.0,14.7875,1.7119068315769985,12.5,14.375,15.0,15.4125,16.65
183,1.0,183.0,,183.0,183.0,183.0,183.0,183.0,1.0,9.0,,9.0,9.0,9.0,9.0,9.0
190,4.0,190.0,0.0,190.0,190.0,190.0,190.0,190.0,4.0,13.0,3.8297084310253524,8.0,11.0,14.0,16.0,16.0
214,1.0,214.0,,214.0,214.0,214.0,214.0,214.0,1.0,20.0,,20.0,20.0,20.0,20.0,20.0
216,39.0,216.0,0.0,216.0,216.0,216.0,216.0,216.0,39.0,40.44871794871795,17.62056023655129,7.5,22.5,40.0,51.25,80.0
222,49.0,222.0,0.0,222.0,222.0,222.0,222.0,222.0,49.0,53.14755102040814,22.427150726538684,4.0,38.85,49.21,75.11,75.11
231,23.0,231.0,0.0,231.0,231.0,231.0,231.0,231.0,23.0,22.41652173913043,16.658912604667822,8.0,12.5,15.0,25.0,60.58
232,18.0,232.0,0.0,232.0,232.0,232.0,232.0,232.0,18.0,35.49444444444445,10.664740818792838,16.17,28.455,35.0,42.269999999999996,52.25
234,82.0,234.0,0.0,234.0,234.0,234.0,234.0,234.0,82.0,23.591463414634145,10.807270086421786,7.5,15.0,21.25,29.375,62.5
241,2.0,241.0,0.0,241.0,241.0,241.0,241.0,241.0,2.0,36.0,5.656854249492381,32.0,34.0,36.0,38.0,40.0
242,35.0,242.0,0.0,242.0,242.0,242.0,242.0,242.0,35.0,16.751428571428573,3.7446189964496277,5.72,17.16,17.16,18.59,20.02
243,53.0,243.0,0.0,243.0,243.0,243.0,243.0,243.0,53.0,23.38679245283019,9.177937336055273,4.0,20.0,24.0,32.0,44.0
248,126.0,248.0,0.0,248.0,248.0,248.0,248.0,248.0,126.0,22.876984126984127,11.857265537709187,2.5,12.5,20.0,30.0,55.0
249,3.0,249.0,0.0,249.0,249.0,249.0,249.0,249.0,3.0,30.666666666666668,6.110100926607786,24.0,28.0,32.0,34.0,36.0
250,1.0,250.0,,250.0,250.0,250.0,250.0,250.0,1.0,36.0,,36.0,36.0,36.0,36.0,36.0
257,15.0,257.0,0.0,257.0,257.0,257.0,257.0,257.0,15.0,67.73333333333333,24.551597756173674,12.0,50.0,68.0,90.0,90.0
258,7.0,258.0,0.0,258.0,258.0,258.0,258.0,258.0,7.0,51.73142857142857,13.27442582383061,32.0,45.53,51.06,60.0,68.0
259,44.0,259.0,0.0,259.0,259.0,259.0,259.0,259.0,44.0,55.16477272727273,23.63973443448958,4.0,38.125,74.75,75.0,75.0
272,5.0,272.0,0.0,272.0,272.0,272.0,272.0,272.0,5.0,8.8,6.572670690061994,4.0,4.0,8.0,8.0,20.0
273,16.0,273.0,0.0,273.0,273.0,273.0,273.0,273.0,16.0,66.90750000000001,20.404914604084965,18.69,58.06,80.1,80.1,80.1
280,53.0,280.0,0.0,280.0,280.0,280.0,280.0,280.0,53.0,33.79245283018868,9.987219699669321,6.0,30.0,33.0,45.0,48.0
286,5.0,286.0,0.0,286.0,286.0,286.0,286.0,286.0,5.0,25.06,12.33766590567276,8.0,20.0,24.0,33.3,40.0
287,1.0,287.0,,287.0,287.0,287.0,287.0,287.0,1.0,25.0,,25.0,25.0,25.0,25.0,25.0
289,14.0,289.0,0.0,289.0,289.0,289.0,289.0,289.0,14.0,29.714285714285715,24.630901702562955,8.0,8.0,19.0,60.0,60.0
290,56.0,290.0,0.0,290.0,290.0,290.0,290.0,290.0,56.0,32.33821428571428,9.079565489632165,18.83,26.9,32.14,34.97,56.0
291,119.0,291.0,0.0,291.0,291.0,291.0,291.0,291.0,119.0,27.53361344537815,10.887080489190968,2.5,20.0,30.0,33.5,50.0
292,63.0,292.0,0.0,292.0,292.0,292.0,292.0,292.0,63.0,50.355555555555554,10.355764761681446,4.0,48.0,52.0,56.0,60.0
295,1.0,295.0,,295.0,295.0,295.0,295.0,295.0,1.0,24.0,,24.0,24.0,24.0,24.0,24.0
297,24.0,297.0,0.0,297.0,297.0,297.0,297.0,297.0,24.0,11.833333333333334,6.294695259168398,4.0,8.0,8.0,17.0,20.0
300,118.0,300.0,0.0,300.0,300.0,300.0,300.0,300.0,118.0,31.036186440677966,8.123194807430913,3.64,32.0,32.0,36.0,40.04
301,16.0,301.0,0.0,301.0,301.0,301.0,301.0,301.0,16.0,33.95375000000001,4.531939798070284,28.0,29.7575,33.3,37.309999999999995,40.04
303,18.0,303.0,0.0,303.0,303.0,303.0,303.0,303.0,18.0,18.055555555555557,14.937013727146645,3.0,12.0,12.0,20.0,72.0
311,24.0,311.0,0.0,311.0,311.0,311.0,311.0,311.0,24.0,21.770833333333332,13.102421919054796,5.0,10.0,24.0,28.0,52.5
313,16.0,313.0,0.0,313.0,313.0,313.0,313.0,313.0,16.0,55.15812500000001,11.54491993259373,33.3,46.62,59.94,59.94,80.0
315,4.0,315.0,0.0,315.0,315.0,315.0,315.0,315.0,4.0,18.0,0.0,18.0,18.0,18.0,18.0,18.0
316,4.0,316.0,0.0,316.0,316.0,316.0,316.0,316.0,4.0,32.0,0.0,32.0,32.0,32.0,32.0,32.0
324,259.0,324.0,0.0,324.0,324.0,324.0,324.0,324.0,259.0,9.003088803088824,2.213828919390908,4.0,8.0,8.0,12.0,12.0
325,7.0,325.0,0.0,325.0,325.0,325.0,325.0,325.0,7.0,49.142857142857146,38.48561883538911,8.0,8.0,80.0,80.0,80.0
329,1.0,329.0,,329.0,329.0,329.0,329.0,329.0,1.0,34.6,,34.6,34.6,34.6,34.6,34.6
335,2.0,335.0,0.0,335.0,335.0,335.0,335.0,335.0,2.0,17.5,7.0710678118654755,12.5,15.0,17.5,20.0,22.5
336,6.0,336.0,0.0,336.0,336.0,336.0,336.0,336.0,6.0,13.14,4.428399259326106,5.84,11.68,13.14,16.79,17.52
340,14.0,340.0,0.0,340.0,340.0,340.0,340.0,340.0,14.0,45.60142857142858,8.894201963719318,20.97,41.3575,46.6,51.26,55.92
342,39.0,342.0,0.0,342.0,342.0,342.0,342.0,342.0,39.0,76.42307692307692,14.541473564989742,5.0,75.0,75.0,81.0,90.0
346,2.0,346.0,0.0,346.0,346.0,346.0,346.0,346.0,2.0,14.0,2.8284271247461903,12.0,13.0,14.0,15.0,16.0
347,9.0,347.0,0.0,347.0,347.0,347.0,347.0,347.0,9.0,11.11111111111111,1.7638342073763935,8.0,12.0,12.0,12.0,12.0
350,1.0,350.0,,350.0,350.0,350.0,350.0,350.0,1.0,8.0,,8.0,8.0,8.0,8.0,8.0
358,17.0,358.0,0.0,358.0,358.0,358.0,358.0,358.0,17.0,21.176470588235293,6.287241983947004,8.0,24.0,24.0,24.0,24.0
362,10.0,362.0,0.0,362.0,362.0,362.0,362.0,362.0,10.0,28.136000000000003,7.519378224885945,14.3,24.435,25.74,34.32,40.0
364,23.0,364.0,0.0,364.0,364.0,364.0,364.0,364.0,23.0,29.130434782608695,12.987071710765031,8.0,22.0,26.0,40.0,60.0
365,96.0,365.0,0.0,365.0,365.0,365.0,365.0,365.0,96.0,8.394375000000005,2.365998537393328,3.33,6.66,9.99,9.99,9.99
369,1.0,369.0,,369.0,369.0,369.0,369.0,369.0,1.0,18.75,,18.75,18.75,18.75,18.75,18.75
372,2.0,372.0,0.0,372.0,372.0,372.0,372.0,372.0,2.0,15.39,4.794183976444793,12.0,13.695,15.39,17.085,18.78
376,12.0,376.0,0.0,376.0,376.0,376.0,376.0,376.0,12.0,9.185833333333333,0.6897490760260487,8.0,9.0,9.0,9.75,9.99
379,1.0,379.0,,379.0,379.0,379.0,379.0,379.0,1.0,20.0,,20.0,20.0,20.0,20.0,20.0
393,1.0,393.0,,393.0,393.0,393.0,393.0,393.0,1.0,38.22,,38.22,38.22,38.22,38.22,38.22
394,1.0,394.0,,394.0,394.0,394.0,394.0,394.0,1.0,20.0,,20.0,20.0,20.0,20.0,20.0
396,3.0,396.0,0.0,396.0,396.0,396.0,396.0,396.0,3.0,75.0,0.0,75.0,75.0,75.0,75.0,75.0
400,4.0,400.0,0.0,400.0,400.0,400.0,400.0,400.0,4.0,8.0,0.0,8.0,8.0,8.0,8.0,8.0
412,1.0,412.0,,412.0,412.0,412.0,412.0,412.0,1.0,8.0,,8.0,8.0,8.0,8.0,8.0
419,1.0,419.0,,419.0,419.0,419.0,419.0,419.0,1.0,40.0,,40.0,40.0,40.0,40.0,40.0
420,8.0,420.0,0.0,420.0,420.0,420.0,420.0,420.0,8.0,20.84,3.8375140762887483,16.0,19.005,20.0,24.0,26.7
423,4.0,423.0,0.0,423.0,423.0,423.0,423.0,423.0,4.0,41.375,10.75,36.0,36.0,36.0,41.375,57.5
428,1.0,428.0,,428.0,428.0,428.0,428.0,428.0,1.0,16.65,,16.65,16.65,16.65,16.65,16.65
431,115.0,431.0,0.0,431.0,431.0,431.0,431.0,431.0,115.0,16.87478260869565,6.611232380780256,6.0,12.0,16.0,21.0,40.0
433,13.0,433.0,0.0,433.0,433.0,433.0,433.0,433.0,13.0,20.023076923076925,9.47137387483585,12.0,12.0,18.0,18.0,36.0
438,8.0,438.0,0.0,438.0,438.0,438.0,438.0,438.0,8.0,34.01875,9.33353927281301,16.0,30.0,40.0,40.05,40.05
440,2.0,440.0,0.0,440.0,440.0,440.0,440.0,440.0,2.0,10.0,0.0,10.0,10.0,10.0,10.0,10.0
444,1.0,444.0,,444.0,444.0,444.0,444.0,444.0,1.0,5.56,,5.56,5.56,5.56,5.56,5.56
448,1.0,448.0,,448.0,448.0,448.0,448.0,448.0,1.0,20.0,,20.0,20.0,20.0,20.0,20.0
459,2.0,459.0,0.0,459.0,459.0,459.0,459.0,459.0,2.0,15.0,0.0,15.0,15.0,15.0,15.0,15.0
461,2.0,461.0,0.0,461.0,461.0,461.0,461.0,461.0,2.0,9.5,3.5355339059327378,7.0,8.25,9.5,10.75,12.0
489,62.0,489.0,0.0,489.0,489.0,489.0,489.0,489.0,62.0,65.43145161290322,21.228099985769273,10.8,50.0,75.3,84.7,87.78
513,46.0,513.0,0.0,513.0,513.0,513.0,513.0,513.0,46.0,38.86869565217391,20.996745420680547,4.0,19.0,41.0,55.92,80.0
515,174.0,515.0,0.0,515.0,515.0,515.0,515.0,515.0,174.0,16.34206896551724,9.326247520008497,5.0,10.0,12.0,20.862499999999997,40.0
516,11.0,516.0,0.0,516.0,516.0,516.0,516.0,516.0,11.0,26.59090909090909,19.342722380546878,9.5,15.0,17.5,34.0,60.0
519,4.0,519.0,0.0,519.0,519.0,519.0,519.0,519.0,4.0,58.5,3.25,53.625,58.5,60.125,60.125,60.125
525,1.0,525.0,,525.0,525.0,525.0,525.0,525.0,1.0,10.0,,10.0,10.0,10.0,10.0,10.0
533,4.0,533.0,0.0,533.0,533.0,533.0,533.0,533.0,4.0,13.0,5.033222956847166,8.0,11.0,12.0,14.0,20.0
541,1.0,541.0,,541.0,541.0,541.0,541.0,541.0,1.0,80.0,,80.0,80.0,80.0,80.0,80.0
543,1.0,543.0,,543.0,543.0,543.0,543.0,543.0,1.0,60.0,,60.0,60.0,60.0,60.0,60.0
556,87.0,556.0,0.0,556.0,556.0,556.0,556.0,556.0,87.0,44.55068965517242,15.799671161804941,5.22,32.16,46.98,55.905,66.0
558,256.0,558.0,0.0,558.0,558.0,558.0,558.0,558.0,256.0,18.285625,7.282748215380477,2.0,14.0,14.0,24.0,40.0
559,173.0,559.0,0.0,559.0,559.0,559.0,559.0,559.0,173.0,12.0564161849711,3.7522428781304553,2.78,9.39,12.0,15.65,24.0
560,291.0,560.0,0.0,560.0,560.0,560.0,560.0,560.0,291.0,15.358384879725126,7.648040979928604,2.73,5.46,19.11,21.84,32.0
562,445.0,562.0,0.0,562.0,562.0,562.0,562.0,562.0,445.0,5.788629213483146,1.9624905254951368,2.27,5.0,6.0,7.0,13.0
563,29.0,563.0,0.0,563.0,563.0,563.0,563.0,563.0,29.0,29.20344827586207,9.435513566105325,12.0,20.0,30.0,38.0,50.0
564,91.0,564.0,0.0,564.0,564.0,564.0,564.0,564.0,91.0,24.995494505494513,10.08740978356863,4.62,18.48,23.1,32.0,46.2
565,32.0,565.0,0.0,565.0,565.0,565.0,565.0,565.0,32.0,17.733750000000004,4.15891715900712,9.99,13.32,19.98,19.98,24.0
566,70.0,566.0,0.0,566.0,566.0,566.0,566.0,566.0,70.0,14.23542857142857,6.459861506505368,4.0,10.0,12.5,20.0,32.0
567,285.0,567.0,0.0,567.0,567.0,567.0,567.0,567.0,285.0,7.546807017543866,1.0952853419234028,6.66,6.66,6.66,8.0,10.0
569,232.0,569.0,0.0,569.0,569.0,569.0,569.0,569.0,232.0,25.86637931034483,14.85730944608454,6.0,15.0,21.0,36.0,60.0
579,49.0,579.0,0.0,579.0,579.0,579.0,579.0,579.0,49.0,44.59183673469388,11.23734170698105,12.0,40.0,40.0,54.0,80.0
588,1.0,588.0,,588.0,588.0,588.0,588.0,588.0,1.0,6.8,,6.8,6.8,6.8,6.8,6.8
593,12.0,593.0,0.0,593.0,593.0,593.0,593.0,593.0,12.0,24.875,10.938100632858772,8.0,17.5,24.75,32.0,40.0
609,165.0,609.0,0.0,609.0,609.0,609.0,609.0,609.0,165.0,20.432242424242443,6.447576057251503,4.0,20.0,20.0,21.42,42.0
620,130.0,620.0,0.0,620.0,620.0,620.0,620.0,620.0,130.0,13.176923076923076,3.143753211943146,5.0,10.0,13.5,15.0,25.0
627,8.0,627.0,0.0,627.0,627.0,627.0,627.0,627.0,8.0,45.962500000000006,6.995773724185195,33.36,45.035,50.04,50.04,50.04
629,22.0,629.0,0.0,629.0,629.0,629.0,629.0,629.0,22.0,22.727272727272727,10.264046441372395,4.0,17.0,20.0,20.0,40.0
630,13.0,630.0,0.0,630.0,630.0,630.0,630.0,630.0,13.0,21.53846153846154,2.0254787341673333,20.0,20.0,20.0,24.0,24.0
632,94.0,632.0,0.0,632.0,632.0,632.0,632.0,632.0,94.0,16.5531914893617,4.751042944418809,8.0,16.0,16.0,16.0,44.0
634,39.0,634.0,0.0,634.0,634.0,634.0,634.0,634.0,39.0,4.512820512820513,2.2941205730690526,2.0,3.0,4.0,6.0,9.0
637,66.0,637.0,0.0,637.0,637.0,637.0,637.0,637.0,66.0,35.14515151515147,8.52117944931681,19.81,31.0,39.62,39.62,55.38
639,4.0,639.0,0.0,639.0,639.0,639.0,639.0,639.0,4.0,16.0,10.83205120618128,8.0,11.0,12.0,17.0,32.0
667,15.0,667.0,0.0,667.0,667.0,667.0,667.0,667.0,15.0,24.066666666666666,17.263572989996952,5.0,9.0,17.5,40.0,50.0
668,204.0,668.0,0.0,668.0,668.0,668.0,668.0,668.0,204.0,15.567401960784315,11.205236223868974,4.0,8.0,12.0,18.5,40.0
669,18.0,669.0,0.0,669.0,669.0,669.0,669.0,669.0,18.0,19.766111111111115,5.3696293429850215,11.43,15.43,20.0,22.86,31.98
671,43.0,671.0,0.0,671.0,671.0,671.0,671.0,671.0,43.0,24.816976744186054,9.044018421793046,5.34,18.445,26.7,29.37,40.04
674,22.0,674.0,0.0,674.0,674.0,674.0,674.0,674.0,22.0,21.320909090909094,9.860961949159451,5.72,15.015,20.02,32.0,35.0
675,55.0,675.0,0.0,675.0,675.0,675.0,675.0,675.0,55.0,17.138545454545458,7.247296409870735,6.26,10.68,15.96,23.94,36.0
676,134.0,676.0,0.0,676.0,676.0,676.0,676.0,676.0,134.0,21.933134328358218,2.9787610125335937,7.28,21.84,21.84,24.0,25.48
677,47.0,677.0,0.0,677.0,677.0,677.0,677.0,677.0,47.0,17.4531914893617,3.935117868177231,3.25,16.25,19.5,19.5,20.15
686,23.0,686.0,0.0,686.0,686.0,686.0,686.0,686.0,23.0,6.434782608695652,1.9960435173913813,4.0,4.0,8.0,8.0,8.0
697,116.0,697.0,0.0,697.0,697.0,697.0,697.0,697.0,116.0,13.859310344827584,5.067475784311921,3.13,9.39,15.0,18.0,25.04
698,1.0,698.0,,698.0,698.0,698.0,698.0,698.0,1.0,20.0,,20.0,20.0,20.0,20.0,20.0
710,87.0,710.0,0.0,710.0,710.0,710.0,710.0,710.0,87.0,37.7344827586207,14.181663296569186,5.22,29.25,36.54,41.76,64.0
712,252.0,712.0,0.0,712.0,712.0,712.0,712.0,712.0,252.0,18.53968253968254,7.567650583700642,8.0,12.0,18.0,24.0,36.0
714,235.0,714.0,0.0,714.0,714.0,714.0,714.0,714.0,235.0,21.16595744680851,7.350948441502931,4.0,16.0,18.0,24.0,40.0
724,10.0,724.0,0.0,724.0,724.0,724.0,724.0,724.0,10.0,8.352,3.4479907192450505,2.88,5.76,8.64,10.8,14.4
734,22.0,734.0,0.0,734.0,734.0,734.0,734.0,734.0,22.0,27.16727272727273,12.268584806740064,10.72,18.76,23.375,35.0625,49.5
743,596.0,743.0,0.0,743.0,743.0,743.0,743.0,743.0,596.0,7.966023489932886,1.0612537976265188,3.25,8.0,8.0,8.0,25.0
744,9.0,744.0,0.0,744.0,744.0,744.0,744.0,744.0,9.0,9.0,0.0,9.0,9.0,9.0,9.0,9.0
751,60.0,751.0,0.0,751.0,751.0,751.0,751.0,751.0,60.0,19.4,14.503301786554134,8.0,8.0,8.0,40.0,40.0
752,17.0,752.0,0.0,752.0,752.0,752.0,752.0,752.0,17.0,12.75,0.0,12.75,12.75,12.75,12.75,12.75
754,123.0,754.0,0.0,754.0,754.0,754.0,754.0,754.0,123.0,14.75609756097561,1.4673577425093771,3.0,15.0,15.0,15.0,15.0
755,18.0,755.0,0.0,755.0,755.0,755.0,755.0,755.0,18.0,29.333333333333332,3.8805700005813275,24.0,24.0,32.0,32.0,32.0
774,45.0,774.0,0.0,774.0,774.0,774.0,774.0,774.0,45.0,8.0,0.0,8.0,8.0,8.0,8.0,8.0
777,91.0,777.0,0.0,777.0,777.0,777.0,777.0,777.0,91.0,18.42296703296704,5.328061664329824,8.0,15.0,18.0,24.0,25.0
781,24.0,781.0,0.0,781.0,781.0,781.0,781.0,781.0,24.0,11.917916666666665,4.730700820557478,7.14,7.14,10.71,17.85,17.85
798,41.0,798.0,0.0,798.0,798.0,798.0,798.0,798.0,41.0,11.024390243902438,3.8761308342085714,8.0,8.0,8.0,16.0,20.0
818,102.0,818.0,0.0,818.0,818.0,818.0,818.0,818.0,102.0,39.14705882352941,15.935760308512638,7.5,27.5,41.25,50.0,80.0
828,1.0,828.0,,828.0,828.0,828.0,828.0,828.0,1.0,8.0,,8.0,8.0,8.0,8.0,8.0
832,138.0,832.0,0.0,832.0,832.0,832.0,832.0,832.0,138.0,22.181159420289855,7.512748782327978,3.0,18.0,21.0,28.0,40.0
838,377.0,838.0,0.0,838.0,838.0,838.0,838.0,838.0,377.0,29.727506631299786,8.331187856902734,8.0,30.31,30.31,34.64,42.0
850,67.0,850.0,0.0,850.0,850.0,850.0,850.0,850.0,67.0,27.582089552238806,6.060676164225926,8.0,30.0,30.0,30.0,30.0
858,181.0,858.0,0.0,858.0,858.0,858.0,858.0,858.0,181.0,8.453038674033149,1.0297001417059903,6.0,8.0,8.0,8.0,16.0
859,1.0,859.0,,859.0,859.0,859.0,859.0,859.0,1.0,10.0,,10.0,10.0,10.0,10.0,10.0
867,22.0,867.0,0.0,867.0,867.0,867.0,867.0,867.0,22.0,27.25,6.103765426435749,8.0,24.0,30.0,32.0,32.0
869,2.0,869.0,0.0,869.0,869.0,869.0,869.0,869.0,2.0,48.0,45.254833995939045,16.0,32.0,48.0,64.0,80.0
875,6.0,875.0,0.0,875.0,875.0,875.0,875.0,875.0,6.0,8.0,0.0,8.0,8.0,8.0,8.0,8.0
883,8.0,883.0,0.0,883.0,883.0,883.0,883.0,883.0,8.0,6.15,1.0014275524755363,4.8,5.7,6.0,7.2,7.2
891,309.0,891.0,0.0,891.0,891.0,891.0,891.0,891.0,309.0,7.058252427184466,1.6126040249448843,3.0,6.0,6.0,8.0,12.0
915,6.0,915.0,0.0,915.0,915.0,915.0,915.0,915.0,6.0,25.25333333333333,11.063427437583103,5.0,23.31,28.305,33.3,33.3
924,7.0,924.0,0.0,924.0,924.0,924.0,924.0,924.0,7.0,6.571428571428571,2.0701966780270626,5.0,5.0,5.0,8.0,10.0
945,92.0,945.0,0.0,945.0,945.0,945.0,945.0,945.0,92.0,29.91304347826087,2.256381299673758,12.0,30.0,30.0,30.0,32.0
958,30.0,958.0,0.0,958.0,958.0,958.0,958.0,958.0,30.0,29.066666666666666,14.778673668577262,4.0,20.0,20.0,40.0,80.0
999,3.0,999.0,0.0,999.0,999.0,999.0,999.0,999.0,3.0,35.0,0.0,35.0,35.0,35.0,35.0,35.0
1001,98.0,1001.0,0.0,1001.0,1001.0,1001.0,1001.0,1001.0,98.0,11.718367346938773,3.9810724074236097,4.8,9.6,12.0,12.0,24.0
1007,46.0,1007.0,0.0,1007.0,1007.0,1007.0,1007.0,1007.0,46.0,14.0,3.3466401061363023,8.0,12.0,16.0,16.0,16.0
1011,7.0,1011.0,0.0,1011.0,1011.0,1011.0,1011.0,1011.0,7.0,23.571428571428573,2.439750182371333,20.0,22.5,25.0,25.0,25.0
1021,35.0,1021.0,0.0,1021.0,1021.0,1021.0,1021.0,1021.0,35.0,39.94285714285714,7.459470321610749,28.0,36.0,42.0,48.0,48.0
1025,1.0,1025.0,,1025.0,1025.0,1025.0,1025.0,1025.0,1.0,12.0,,12.0,12.0,12.0,12.0,12.0
1039,66.0,1039.0,0.0,1039.0,1039.0,1039.0,1039.0,1039.0,66.0,61.56363636363635,17.43311425785056,5.42,65.04,65.04,65.04,80.0
1055,2.0,1055.0,0.0,1055.0,1055.0,1055.0,1055.0,1055.0,2.0,13.0,7.0710678118654755,8.0,10.5,13.0,15.5,18.0
1064,36.0,1064.0,0.0,1064.0,1064.0,1064.0,1064.0,1064.0,36.0,39.08249999999999,11.96757867263526,8.0,32.62,45.39,48.06,55.92
1070,12.0,1070.0,0.0,1070.0,1070.0,1070.0,1070.0,1070.0,12.0,29.183333333333334,7.021762707123584,20.4,26.349999999999998,27.2,28.9,44.2
1082,221.0,1082.0,0.0,1082.0,1082.0,1082.0,1082.0,1082.0,221.0,14.877828054298643,2.7844547021781674,8.0,16.0,16.0,16.0,16.0
1083,183.0,1083.0,0.0,1083.0,1083.0,1083.0,1083.0,1083.0,183.0,7.663934426229508,1.4259794536632946,2.5,7.5,8.0,8.0,12.0
1085,64.0,1085.0,0.0,1085.0,1085.0,1085.0,1085.0,1085.0,64.0,25.778437499999995,11.227819364354394,2.92,17.515,26.89,31.04,56.6
1086,13.0,1086.0,0.0,1086.0,1086.0,1086.0,1086.0,1086.0,13.0,48.24615384615385,28.03309399574651,8.0,24.0,40.0,75.2,75.2
1087,55.0,1087.0,0.0,1087.0,1087.0,1087.0,1087.0,1087.0,55.0,26.472727272727273,9.156771518743096,8.0,20.0,20.0,32.0,40.0
1089,13.0,1089.0,0.0,1089.0,1089.0,1089.0,1089.0,1089.0,13.0,7.6923076923076925,1.1094003924504585,4.0,8.0,8.0,8.0,8.0
1090,16.0,1090.0,0.0,1090.0,1090.0,1090.0,1090.0,1090.0,16.0,19.5,2.0,12.0,20.0,20.0,20.0,20.0
1091,57.0,1091.0,0.0,1091.0,1091.0,1091.0,1091.0,1091.0,57.0,9.270087719298246,1.1207803767385511,3.33,9.0,9.0,9.99,10.125
1092,32.0,1092.0,0.0,1092.0,1092.0,1092.0,1092.0,1092.0,32.0,22.6065625,7.83928840145131,6.0,18.0,24.0,25.185,48.0
1093,76.0,1093.0,0.0,1093.0,1093.0,1093.0,1093.0,1093.0,76.0,10.696973684210521,3.784522169657825,6.0,6.66,9.99,12.0,18.0
1094,12.0,1094.0,0.0,1094.0,1094.0,1094.0,1094.0,1094.0,12.0,8.0,0.0,8.0,8.0,8.0,8.0,8.0
1095,271.0,1095.0,0.0,1095.0,1095.0,1095.0,1095.0,1095.0,271.0,13.146125461254618,2.889666539607474,4.0,12.0,14.07,14.25,16.0
1097,22.0,1097.0,0.0,1097.0,1097.0,1097.0,1097.0,1097.0,22.0,12.0,0.0,12.0,12.0,12.0,12.0,12.0
1099,125.0,1099.0,0.0,1099.0,1099.0,1099.0,1099.0,1099.0,125.0,31.392319999999984,4.908370588317271,16.0,28.0,35.04,35.04,40.0
1102,26.0,1102.0,0.0,1102.0,1102.0,1102.0,1102.0,1102.0,26.0,14.378461538461538,2.565630826611953,8.0,13.125,15.0,15.0,20.0
1104,186.0,1104.0,0.0,1104.0,1104.0,1104.0,1104.0,1104.0,186.0,31.370967741935484,6.8083427462419435,5.0,25.0,30.0,37.5,40.0
1105,9.0,1105.0,0.0,1105.0,1105.0,1105.0,1105.0,1105.0,9.0,25.77777777777778,9.820613241770824,16.0,16.0,20.0,36.0,36.0
1108,102.0,1108.0,0.0,1108.0,1108.0,1108.0,1108.0,1108.0,102.0,15.92156862745098,5.188880484590338,4.0,12.0,20.0,20.0,20.0
1110,8.0,1110.0,0.0,1110.0,1110.0,1110.0,1110.0,1110.0,8.0,35.5,1.4142135623730951,32.0,36.0,36.0,36.0,36.0
1111,14.0,1111.0,0.0,1111.0,1111.0,1111.0,1111.0,1111.0,14.0,9.428571428571429,1.9889806323953876,8.0,8.0,8.0,12.0,12.0
1120,36.0,1120.0,0.0,1120.0,1120.0,1120.0,1120.0,1120.0,36.0,24.055555555555557,4.338824359823385,8.0,22.5,22.5,26.25,30.0
1122,15.0,1122.0,0.0,1122.0,1122.0,1122.0,1122.0,1122.0,15.0,28.454666666666665,11.324735169824796,16.08,18.04,22.5,40.0,40.0
1123,31.0,1123.0,0.0,1123.0,1123.0,1123.0,1123.0,1123.0,31.0,21.77483870967741,9.881952530064673,6.92,17.3,20.76,25.95,44.98
1124,254.0,1124.0,0.0,1124.0,1124.0,1124.0,1124.0,1124.0,254.0,8.393700787401574,0.4895344293803894,8.0,8.0,8.0,9.0,9.0
1126,88.0,1126.0,0.0,1126.0,1126.0,1126.0,1126.0,1126.0,88.0,18.556818181818183,4.64079351752578,5.0,20.0,20.0,20.0,24.0
1133,104.0,1133.0,0.0,1133.0,1133.0,1133.0,1133.0,1133.0,104.0,20.46153846153846,14.441662409298235,8.0,8.0,8.0,40.0,44.0
1135,137.0,1135.0,0.0,1135.0,1135.0,1135.0,1135.0,1135.0,137.0,18.51094890510949,3.6944250295331096,4.0,20.0,20.0,20.0,20.0
1137,120.0,1137.0,0.0,1137.0,1137.0,1137.0,1137.0,1137.0,120.0,19.4,10.366721157773332,8.0,8.0,16.0,28.0,40.0
1142,15.0,1142.0,0.0,1142.0,1142.0,1142.0,1142.0,1142.0,15.0,9.866666666666667,4.501851470969101,4.0,8.0,8.0,12.0,20.0
1152,46.0,1152.0,0.0,1152.0,1152.0,1152.0,1152.0,1152.0,46.0,12.777173913043478,2.943556173552648,6.0,12.0,12.0,15.0,16.0
1153,41.0,1153.0,0.0,1153.0,1153.0,1153.0,1153.0,1153.0,41.0,19.853658536585368,2.2534526355101865,18.0,18.0,20.0,20.0,24.0
1154,106.0,1154.0,0.0,1154.0,1154.0,1154.0,1154.0,1154.0,106.0,19.8788679245283,7.138340119284063,6.16,15.4,21.56,24.0,36.0
1161,112.0,1161.0,0.0,1161.0,1161.0,1161.0,1161.0,1161.0,112.0,15.571428571428571,1.809456071346104,4.0,16.0,16.0,16.0,16.0
1162,3.0,1162.0,0.0,1162.0,1162.0,1162.0,1162.0,1162.0,3.0,45.18,25.668992968170762,15.54,37.769999999999996,60.0,60.0,60.0
1164,96.0,1164.0,0.0,1164.0,1164.0,1164.0,1164.0,1164.0,96.0,11.28125,2.2633376611590794,5.25,10.5,10.5,10.5,16.5
1202,109.0,1202.0,0.0,1202.0,1202.0,1202.0,1202.0,1202.0,109.0,14.946788990825707,1.0275437097433995,7.5,15.0,15.0,15.2,15.2
1208,67.0,1208.0,0.0,1208.0,1208.0,1208.0,1208.0,1208.0,67.0,55.168955223880594,18.120597783832054,20.0,40.0,52.0,80.0,80.0
1214,61.0,1214.0,0.0,1214.0,1214.0,1214.0,1214.0,1214.0,61.0,29.16393442622951,11.156732388814763,5.0,22.5,27.5,40.0,47.5
1215,10.0,1215.0,0.0,1215.0,1215.0,1215.0,1215.0,1215.0,10.0,7.7219999999999995,2.7132342324244694,4.29,5.362500000000001,8.58,8.58,12.87
1222,95.0,1222.0,0.0,1222.0,1222.0,1222.0,1222.0,1222.0,95.0,7.91578947368421,0.8207826816681238,4.0,8.0,8.0,8.0,12.0
1225,26.0,1225.0,0.0,1225.0,1225.0,1225.0,1225.0,1225.0,26.0,47.76923076923077,19.801631634403652,6.0,36.0,54.0,54.0,80.0
1231,12.0,1231.0,0.0,1231.0,1231.0,1231.0,1231.0,1231.0,12.0,38.916666666666664,3.964807305493795,36.0,36.0,36.0,41.25,45.0
1236,64.0,1236.0,0.0,1236.0,1236.0,1236.0,1236.0,1236.0,64.0,8.0,0.0,8.0,8.0,8.0,8.0,8.0
1238,13.0,1238.0,0.0,1238.0,1238.0,1238.0,1238.0,1238.0,13.0,39.11384615384615,28.959898002370316,8.0,8.0,40.0,40.0,84.16
1243,37.0,1243.0,0.0,1243.0,1243.0,1243.0,1243.0,1243.0,37.0,33.51027027027027,16.666428412711465,5.56,19.46,33.36,44.48,61.16
1244,6.0,1244.0,0.0,1244.0,1244.0,1244.0,1244.0,1244.0,6.0,31.766666666666666,19.750611804869912,8.0,15.0,36.0,45.0,54.6
1249,3.0,1249.0,0.0,1249.0,1249.0,1249.0,1249.0,1249.0,3.0,12.0,0.0,12.0,12.0,12.0,12.0,12.0
1257,13.0,1257.0,0.0,1257.0,1257.0,1257.0,1257.0,1257.0,13.0,44.53846153846154,12.798863130602555,20.0,36.0,42.5,57.5,62.5
1263,79.0,1263.0,0.0,1263.0,1263.0,1263.0,1263.0,1263.0,79.0,16.943037974683545,6.580851857108325,8.0,12.0,17.5,17.5,30.0
1272,47.0,1272.0,0.0,1272.0,1272.0,1272.0,1272.0,1272.0,47.0,20.382978723404257,7.8755350169931475,4.0,17.0,20.0,26.0,36.0
1274,66.0,1274.0,0.0,1274.0,1274.0,1274.0,1274.0,1274.0,66.0,15.715606060606062,7.51350212899579,6.66,9.99,13.32,19.1475,36.63
1285,29.0,1285.0,0.0,1285.0,1285.0,1285.0,1285.0,1285.0,29.0,15.172413793103448,2.4794723735568267,8.0,16.0,16.0,16.0,16.0
1286,23.0,1286.0,0.0,1286.0,1286.0,1286.0,1286.0,1286.0,23.0,50.92999999999999,18.483357870847446,16.0,40.0,45.0,75.0,75.0
1293,6.0,1293.0,0.0,1293.0,1293.0,1293.0,1293.0,1293.0,6.0,46.0,18.373894524569362,16.0,36.0,54.0,60.0,60.0
1297,1.0,1297.0,,1297.0,1297.0,1297.0,1297.0,1297.0,1.0,31.0,,31.0,31.0,31.0,31.0,31.0
1302,2.0,1302.0,0.0,1302.0,1302.0,1302.0,1302.0,1302.0,2.0,12.0,0.0,12.0,12.0,12.0,12.0,12.0
1309,28.0,1309.0,0.0,1309.0,1309.0,1309.0,1309.0,1309.0,28.0,23.785714285714285,4.3915503282684,18.0,18.0,27.0,27.0,27.0
1314,10.0,1314.0,0.0,1314.0,1314.0,1314.0,1314.0,1314.0,10.0,16.351999999999997,6.232881980093782,6.5,16.14,16.875,18.83,28.0
1316,13.0,1316.0,0.0,1316.0,1316.0,1316.0,1316.0,1316.0,13.0,48.55384615384616,7.327643480298354,40.0,44.0,48.0,52.0,68.0
1325,1.0,1325.0,,1325.0,1325.0,1325.0,1325.0,1325.0,1.0,24.0,,24.0,24.0,24.0,24.0,24.0
1327,10.0,1327.0,0.0,1327.0,1327.0,1327.0,1327.0,1327.0,10.0,24.0,0.0,24.0,24.0,24.0,24.0,24.0
1336,1.0,1336.0,,1336.0,1336.0,1336.0,1336.0,1336.0,1.0,8.0,,8.0,8.0,8.0,8.0,8.0
1339,1.0,1339.0,,1339.0,1339.0,1339.0,1339.0,1339.0,1.0,24.0,,24.0,24.0,24.0,24.0,24.0
1346,52.0,1346.0,0.0,1346.0,1346.0,1346.0,1346.0,1346.0,52.0,31.0,4.029304421069108,12.0,32.0,32.0,32.0,40.0
1356,2.0,1356.0,0.0,1356.0,1356.0,1356.0,1356.0,1356.0,2.0,8.0,0.0,8.0,8.0,8.0,8.0,8.0
1359,1.0,1359.0,,1359.0,1359.0,1359.0,1359.0,1359.0,1.0,32.0,,32.0,32.0,32.0,32.0,32.0
1364,49.0,1364.0,0.0,1364.0,1364.0,1364.0,1364.0,1364.0,49.0,21.959183673469386,6.331005658902953,8.0,24.0,24.0,24.0,28.0
1366,228.0,1366.0,0.0,1366.0,1366.0,1366.0,1366.0,1366.0,228.0,11.964912280701755,3.6545302874962315,8.0,12.0,12.0,12.0,24.0
1367,4.0,1367.0,0.0,1367.0,1367.0,1367.0,1367.0,1367.0,4.0,24.0,18.475208614068023,8.0,8.0,24.0,40.0,40.0
1374,7.0,1374.0,0.0,1374.0,1374.0,1374.0,1374.0,1374.0,7.0,37.857142857142854,10.842486975298785,30.0,30.0,35.0,40.0,60.0
1384,25.0,1384.0,0.0,1384.0,1384.0,1384.0,1384.0,1384.0,25.0,19.721600000000002,10.37679288926336,4.0,10.7,20.0,28.0,36.0
1394,1.0,1394.0,,1394.0,1394.0,1394.0,1394.0,1394.0,1.0,16.0,,16.0,16.0,16.0,16.0,16.0
1395,36.0,1395.0,0.0,1395.0,1395.0,1395.0,1395.0,1395.0,36.0,10.011944444444445,2.543572088275457,3.33,9.99,9.99,10.4925,16.0
1397,6.0,1397.0,0.0,1397.0,1397.0,1397.0,1397.0,1397.0,6.0,20.0,0.0,20.0,20.0,20.0,20.0,20.0
1408,6.0,1408.0,0.0,1408.0,1408.0,1408.0,1408.0,1408.0,6.0,25.333333333333332,4.131182235954578,20.0,22.0,28.0,28.0,28.0
1410,10.0,1410.0,0.0,1410.0,1410.0,1410.0,1410.0,1410.0,10.0,11.2,1.6865480854231354,8.0,12.0,12.0,12.0,12.0
1453,11.0,1453.0,0.0,1453.0,1453.0,1453.0,1453.0,1453.0,11.0,10.545454545454545,2.018099916438052,8.0,8.0,12.0,12.0,12.0
1458,8.0,1458.0,0.0,1458.0,1458.0,1458.0,1458.0,1458.0,8.0,17.9125,7.225163863687996,6.26,14.085,20.0,24.0,24.0
1470,326.0,1470.0,0.0,1470.0,1470.0,1470.0,1470.0,1470.0,326.0,19.36515337423313,6.951295206889651,5.84,14.6,17.52,26.28,35.04
1471,3.0,1471.0,0.0,1471.0,1471.0,1471.0,1471.0,1471.0,3.0,16.0,0.0,16.0,16.0,16.0,16.0,16.0
1473,33.0,1473.0,0.0,1473.0,1473.0,1473.0,1473.0,1473.0,33.0,29.939393939393938,10.49386545183481,8.0,24.0,32.0,40.0,44.0
1481,34.0,1481.0,0.0,1481.0,1481.0,1481.0,1481.0,1481.0,34.0,7.882352941176471,1.2001188295294303,4.0,8.0,8.0,8.0,12.0
1499,5.0,1499.0,0.0,1499.0,1499.0,1499.0,1499.0,1499.0,5.0,36.9,2.0124611797498106,36.0,36.0,36.0,36.0,40.5
1509,17.0,1509.0,0.0,1509.0,1509.0,1509.0,1509.0,1509.0,17.0,21.41176470588235,8.478346120628508,8.0,16.0,20.0,28.0,40.0
1524,102.0,1524.0,0.0,1524.0,1524.0,1524.0,1524.0,1524.0,102.0,14.666666666666666,5.885598017738098,4.0,8.0,18.0,20.0,20.0
1525,5.0,1525.0,0.0,1525.0,1525.0,1525.0,1525.0,1525.0,5.0,60.08,11.225061247048941,40.0,65.1,65.1,65.1,65.1
1526,34.0,1526.0,0.0,1526.0,1526.0,1526.0,1526.0,1526.0,34.0,17.421764705882346,4.961661177461506,7.0,16.0,19.95,20.0,24.0
1534,122.0,1534.0,0.0,1534.0,1534.0,1534.0,1534.0,1534.0,122.0,9.508196721311476,2.795350039848037,2.5,7.5,10.0,10.0,17.5
1539,21.0,1539.0,0.0,1539.0,1539.0,1539.0,1539.0,1539.0,21.0,5.038095238095238,1.740826295319608,4.0,4.0,4.0,5.8,8.0
1546,1.0,1546.0,,1546.0,1546.0,1546.0,1546.0,1546.0,1.0,36.0,,36.0,36.0,36.0,36.0,36.0
1564,86.0,1564.0,0.0,1564.0,1564.0,1564.0,1564.0,1564.0,86.0,10.162790697674419,2.8977088926021195,6.0,6.5,12.0,12.0,15.0
1573,6.0,1573.0,0.0,1573.0,1573.0,1573.0,1573.0,1573.0,6.0,40.0,0.0,40.0,40.0,40.0,40.0,40.0
1604,1.0,1604.0,,1604.0,1604.0,1604.0,1604.0,1604.0,1.0,66.13,,66.13,66.13,66.13,66.13,66.13
1606,6.0,1606.0,0.0,1606.0,1606.0,1606.0,1606.0,1606.0,6.0,10.666666666666666,3.265986323710904,8.0,8.0,10.0,12.0,16.0
1616,2.0,1616.0,0.0,1616.0,1616.0,1616.0,1616.0,1616.0,2.0,8.0,0.0,8.0,8.0,8.0,8.0,8.0
1626,22.0,1626.0,0.0,1626.0,1626.0,1626.0,1626.0,1626.0,22.0,37.53454545454545,9.927574262423361,18.0,36.0,38.0,40.0,64.0
1649,9.0,1649.0,0.0,1649.0,1649.0,1649.0,1649.0,1649.0,9.0,8.0,0.0,8.0,8.0,8.0,8.0,8.0
1667,2.0,1667.0,0.0,1667.0,1667.0,1667.0,1667.0,1667.0,2.0,37.5,0.0,37.5,37.5,37.5,37.5,37.5
1712,9.0,1712.0,0.0,1712.0,1712.0,1712.0,1712.0,1712.0,9.0,8.0,0.0,8.0,8.0,8.0,8.0,8.0
1718,1.0,1718.0,,1718.0,1718.0,1718.0,1718.0,1718.0,1.0,17.85,,17.85,17.85,17.85,17.85,17.85
1725,1.0,1725.0,,1725.0,1725.0,1725.0,1725.0,1725.0,1.0,30.4,,30.4,30.4,30.4,30.4,30.4
1726,37.0,1726.0,0.0,1726.0,1726.0,1726.0,1726.0,1726.0,37.0,44.75675675675676,24.98155475702179,12.0,32.0,36.0,66.0,90.0
1727,7.0,1727.0,0.0,1727.0,1727.0,1727.0,1727.0,1727.0,7.0,8.0,0.0,8.0,8.0,8.0,8.0,8.0
1746,259.0,1746.0,0.0,1746.0,1746.0,1746.0,1746.0,1746.0,259.0,25.12123552123552,13.560802096717252,8.0,12.0,27.48,36.0,50.0
1752,6.0,1752.0,0.0,1752.0,1752.0,1752.0,1752.0,1752.0,6.0,8.666666666666666,4.676180777800049,4.0,5.0,8.0,11.0,16.0
1754,4.0,1754.0,0.0,1754.0,1754.0,1754.0,1754.0,1754.0,4.0,46.599999999999994,18.92900948280179,18.64,43.105000000000004,54.754999999999995,58.25,58.25
1792,3.0,1792.0,0.0,1792.0,1792.0,1792.0,1792.0,1792.0,3.0,8.0,0.0,8.0,8.0,8.0,8.0,8.0
1797,2.0,1797.0,0.0,1797.0,1797.0,1797.0,1797.0,1797.0,2.0,28.6,29.13279938488576,8.0,18.3,28.6,38.900000000000006,49.2
1816,4.0,1816.0,0.0,1816.0,1816.0,1816.0,1816.0,1816.0,4.0,40.0,0.0,40.0,40.0,40.0,40.0,40.0
1820,10.0,1820.0,0.0,1820.0,1820.0,1820.0,1820.0,1820.0,10.0,15.2,6.196773353931867,8.0,8.0,20.0,20.0,20.0
1826,12.0,1826.0,0.0,1826.0,1826.0,1826.0,1826.0,1826.0,12.0,35.666666666666664,17.348478232101424,16.0,25.0,40.0,40.0,80.0
1828,3.0,1828.0,0.0,1828.0,1828.0,1828.0,1828.0,1828.0,3.0,20.0,0.0,20.0,20.0,20.0,20.0,20.0
1864,65.0,1864.0,0.0,1864.0,1864.0,1864.0,1864.0,1864.0,65.0,8.860615384615386,2.4287849823285326,3.33,6.66,8.0,9.99,14.0
1902,3.0,1902.0,0.0,1902.0,1902.0,1902.0,1902.0,1902.0,3.0,12.833333333333334,4.645786621588784,7.5,11.25,15.0,15.5,16.0
1912,176.0,1912.0,0.0,1912.0,1912.0,1912.0,1912.0,1912.0,176.0,16.84090909090909,3.7671857283240318,4.0,16.0,16.0,20.0,20.0
1915,6.0,1915.0,0.0,1915.0,1915.0,1915.0,1915.0,1915.0,6.0,19.13,2.613939555536814,16.02,18.69,18.69,18.69,24.0
1920,152.0,1920.0,0.0,1920.0,1920.0,1920.0,1920.0,1920.0,152.0,11.87171052631579,2.8699728351659406,8.0,8.0,12.0,13.5,18.0
1938,29.0,1938.0,0.0,1938.0,1938.0,1938.0,1938.0,1938.0,29.0,12.689655172413794,4.009840113270121,8.0,8.0,16.0,16.0,16.0
1943,26.0,1943.0,0.0,1943.0,1943.0,1943.0,1943.0,1943.0,26.0,26.03846153846154,2.5036895850846883,20.0,25.0,26.25,27.5,29.25
1953,16.0,1953.0,0.0,1953.0,1953.0,1953.0,1953.0,1953.0,16.0,10.0,4.618802153517006,8.0,8.0,8.0,8.0,24.0
1957,49.0,1957.0,0.0,1957.0,1957.0,1957.0,1957.0,1957.0,49.0,23.448571428571423,7.334919620100367,6.66,19.98,24.0,28.0,40.0
1991,5.0,1991.0,0.0,1991.0,1991.0,1991.0,1991.0,1991.0,5.0,72.0,4.107919181288746,67.5,67.5,75.0,75.0,75.0
2038,4.0,2038.0,0.0,2038.0,2038.0,2038.0,2038.0,2038.0,4.0,30.5,7.187952884282608,24.0,25.5,29.0,34.0,40.0
2069,22.0,2069.0,0.0,2069.0,2069.0,2069.0,2069.0,2069.0,22.0,15.090909090909092,4.770036347162017,8.0,16.0,16.0,16.0,28.0
2087,30.0,2087.0,0.0,2087.0,2087.0,2087.0,2087.0,2087.0,30.0,15.533333333333333,9.331937498251067,8.0,8.0,10.0,20.0,36.0
2149,43.0,2149.0,0.0,2149.0,2149.0,2149.0,2149.0,2149.0,43.0,14.284883720930232,8.059965252227187,2.75,6.75,15.0,19.25,30.25
2155,10.0,2155.0,0.0,2155.0,2155.0,2155.0,2155.0,2155.0,10.0,8.0,0.0,8.0,8.0,8.0,8.0,8.0
2170,185.0,2170.0,0.0,2170.0,2170.0,2170.0,2170.0,2170.0,185.0,18.069621621621636,7.504228110203265,6.0,8.0,21.42,24.0,28.0
2183,5.0,2183.0,0.0,2183.0,2183.0,2183.0,2183.0,2183.0,5.0,22.0,4.47213595499958,20.0,20.0,20.0,20.0,30.0
2192,10.0,2192.0,0.0,2192.0,2192.0,2192.0,2192.0,2192.0,10.0,9.4,2.988868236194653,4.0,8.0,10.0,12.0,12.0
2213,8.0,2213.0,0.0,2213.0,2213.0,2213.0,2213.0,2213.0,8.0,13.08,4.485863509801812,8.0,10.58,11.44,17.16,20.0
2238,6.0,2238.0,0.0,2238.0,2238.0,2238.0,2238.0,2238.0,6.0,21.333333333333332,4.131182235954578,16.0,18.0,24.0,24.0,24.0
2243,5.0,2243.0,0.0,2243.0,2243.0,2243.0,2243.0,2243.0,5.0,9.6,0.8944271909999159,8.0,10.0,10.0,10.0,10.0
2244,21.0,2244.0,0.0,2244.0,2244.0,2244.0,2244.0,2244.0,21.0,8.0,0.0,8.0,8.0,8.0,8.0,8.0
2247,3.0,2247.0,0.0,2247.0,2247.0,2247.0,2247.0,2247.0,3.0,48.333333333333336,14.433756729740644,40.0,40.0,40.0,52.5,65.0
2259,2.0,2259.0,0.0,2259.0,2259.0,2259.0,2259.0,2259.0,2.0,8.0,0.0,8.0,8.0,8.0,8.0,8.0
2275,1.0,2275.0,,2275.0,2275.0,2275.0,2275.0,2275.0,1.0,8.0,,8.0,8.0,8.0,8.0,8.0
2284,3.0,2284.0,0.0,2284.0,2284.0,2284.0,2284.0,2284.0,3.0,16.666666666666668,5.773502691896257,10.0,15.0,20.0,20.0,20.0
2290,49.0,2290.0,0.0,2290.0,2290.0,2290.0,2290.0,2290.0,49.0,38.16326530612245,15.349788867678699,8.0,29.75,40.0,44.0,60.0
2291,5.0,2291.0,0.0,2291.0,2291.0,2291.0,2291.0,2291.0,5.0,8.0,0.0,8.0,8.0,8.0,8.0,8.0
2354,7.0,2354.0,0.0,2354.0,2354.0,2354.0,2354.0,2354.0,7.0,8.0,0.0,8.0,8.0,8.0,8.0,8.0
2404,8.0,2404.0,0.0,2404.0,2404.0,2404.0,2404.0,2404.0,8.0,8.75,2.3145502494313788,5.0,8.75,10.0,10.0,10.0
2461,123.0,2461.0,0.0,2461.0,2461.0,2461.0,2461.0,2461.0,123.0,12.097560975609756,3.337355962745236,4.0,8.0,12.0,14.0,20.0
2507,1.0,2507.0,,2507.0,2507.0,2507.0,2507.0,2507.0,1.0,36.0,,36.0,36.0,36.0,36.0,36.0
2557,3.0,2557.0,0.0,2557.0,2557.0,2557.0,2557.0,2557.0,3.0,7.1066666666666665,0.7736493607140984,6.66,6.66,6.66,7.33,8.0
2563,3.0,2563.0,0.0,2563.0,2563.0,2563.0,2563.0,2563.0,3.0,24.0,0.0,24.0,24.0,24.0,24.0,24.0
2607,3.0,2607.0,0.0,2607.0,2607.0,2607.0,2607.0,2607.0,3.0,30.666666666666668,4.618802153517007,28.0,28.0,28.0,32.0,36.0
2611,2.0,2611.0,0.0,2611.0,2611.0,2611.0,2611.0,2611.0,2.0,6.0,0.0,6.0,6.0,6.0,6.0,6.0
2678,4.0,2678.0,0.0,2678.0,2678.0,2678.0,2678.0,2678.0,4.0,31.25,12.5,25.0,25.0,25.0,31.25,50.0
2737,9.0,2737.0,0.0,2737.0,2737.0,2737.0,2737.0,2737.0,9.0,19.804444444444446,10.712169611137503,8.0,8.0,16.0,29.12,32.0
2743,43.0,2743.0,0.0,2743.0,2743.0,2743.0,2743.0,2743.0,43.0,56.27906976744186,9.533338947872183,30.0,60.0,60.0,60.0,60.0
2814,1.0,2814.0,,2814.0,2814.0,2814.0,2814.0,2814.0,1.0,52.0,,52.0,52.0,52.0,52.0,52.0
2898,21.0,2898.0,0.0,2898.0,2898.0,2898.0,2898.0,2898.0,21.0,21.142857142857142,1.851640199545103,20.0,20.0,20.0,24.0,24.0
2906,2.0,2906.0,0.0,2906.0,2906.0,2906.0,2906.0,2906.0,2.0,60.0,0.0,60.0,60.0,60.0,60.0,60.0
2945,6.0,2945.0,0.0,2945.0,2945.0,2945.0,2945.0,2945.0,6.0,8.0,0.0,8.0,8.0,8.0,8.0,8.0
2950,64.0,2950.0,0.0,2950.0,2950.0,2950.0,2950.0,2950.0,64.0,10.770468749999994,5.5940366291732255,2.5,6.75,9.0,15.42,25.0
2961,69.0,2961.0,0.0,2961.0,2961.0,2961.0,2961.0,2961.0,69.0,41.49333333333335,12.690726543270822,4.76,40.0,40.0,45.4,64.0
2972,25.0,2972.0,0.0,2972.0,2972.0,2972.0,2972.0,2972.0,25.0,24.1224,7.3691430302308545,9.38,18.76,24.0,28.14,40.0
3014,1.0,3014.0,,3014.0,3014.0,3014.0,3014.0,3014.0,1.0,21.84,,21.84,21.84,21.84,21.84,21.84
3020,1.0,3020.0,,3020.0,3020.0,3020.0,3020.0,3020.0,1.0,24.0,,24.0,24.0,24.0,24.0,24.0
3034,30.0,3034.0,0.0,3034.0,3034.0,3034.0,3034.0,3034.0,30.0,26.627666666666663,12.443473759180042,4.0,16.0,26.22,33.12,52.0
3038,1.0,3038.0,,3038.0,3038.0,3038.0,3038.0,3038.0,1.0,40.0,,40.0,40.0,40.0,40.0,40.0
3111,7.0,3111.0,0.0,3111.0,3111.0,3111.0,3111.0,3111.0,7.0,23.214285714285715,11.964729913573557,10.0,12.5,22.5,33.75,37.5
3119,5.0,3119.0,0.0,3119.0,3119.0,3119.0,3119.0,3119.0,5.0,12.8,6.572670690061994,8.0,8.0,8.0,20.0,20.0
3123,46.0,3123.0,0.0,3123.0,3123.0,3123.0,3123.0,3123.0,46.0,8.719130434782606,3.75005293360386,4.0,4.0,8.88,12.99,16.0
3143,7.0,3143.0,0.0,3143.0,3143.0,3143.0,3143.0,3143.0,7.0,6.948571428571428,0.9835213702377217,6.16,6.16,6.16,8.0,8.0
3159,4.0,3159.0,0.0,3159.0,3159.0,3159.0,3159.0,3159.0,4.0,24.375,9.213893494789993,12.5,21.875,25.0,27.5,35.0
3176,14.0,3176.0,0.0,3176.0,3176.0,3176.0,3176.0,3176.0,14.0,17.142857142857142,4.554915229425542,8.0,16.0,20.0,20.0,20.0
3222,1.0,3222.0,,3222.0,3222.0,3222.0,3222.0,3222.0,1.0,40.0,,40.0,40.0,40.0,40.0,40.0
3233,2.0,3233.0,0.0,3233.0,3233.0,3233.0,3233.0,3233.0,2.0,10.15,0.0,10.15,10.15,10.15,10.15,10.15
3250,18.0,3250.0,0.0,3250.0,3250.0,3250.0,3250.0,3250.0,18.0,18.666666666666668,6.7909975010173245,6.0,18.0,19.5,21.0,30.0
3267,12.0,3267.0,0.0,3267.0,3267.0,3267.0,3267.0,3267.0,12.0,34.666666666666664,9.237604307034012,16.0,32.0,40.0,40.0,40.0
3270,46.0,3270.0,0.0,3270.0,3270.0,3270.0,3270.0,3270.0,46.0,40.172826086956526,0.8250054896611382,39.95,40.0,40.0,40.0,44.0
3271,5.0,3271.0,0.0,3271.0,3271.0,3271.0,3271.0,3271.0,5.0,16.954,5.673101444536313,11.12,13.75,13.9,22.0,24.0
3330,9.0,3330.0,0.0,3330.0,3330.0,3330.0,3330.0,3330.0,9.0,17.77777777777778,2.9059326290271152,12.0,16.0,20.0,20.0,20.0
3336,1.0,3336.0,,3336.0,3336.0,3336.0,3336.0,3336.0,1.0,25.0,,25.0,25.0,25.0,25.0,25.0
3389,40.0,3389.0,0.0,3389.0,3389.0,3389.0,3389.0,3389.0,40.0,6.375,2.261012933881513,4.0,4.0,6.5,8.0,10.0
3424,32.0,3424.0,0.0,3424.0,3424.0,3424.0,3424.0,3424.0,32.0,37.807812500000004,13.505190814329561,16.0,27.950000000000003,40.0,41.3,65.0
3447,32.0,3447.0,0.0,3447.0,3447.0,3447.0,3447.0,3447.0,32.0,14.375,2.4593468841898236,5.0,15.0,15.0,15.0,15.0
3449,27.0,3449.0,0.0,3449.0,3449.0,3449.0,3449.0,3449.0,27.0,33.43925925925925,11.954966115167991,5.52,35.32,40.0,40.010000000000005,40.02
3456,12.0,3456.0,0.0,3456.0,3456.0,3456.0,3456.0,3456.0,12.0,8.0,0.0,8.0,8.0,8.0,8.0,8.0
3556,5.0,3556.0,0.0,3556.0,3556.0,3556.0,3556.0,3556.0,5.0,36.0,8.94427190999916,20.0,40.0,40.0,40.0,40.0
3577,10.0,3577.0,0.0,3577.0,3577.0,3577.0,3577.0,3577.0,10.0,8.038,0.12016655108639866,8.0,8.0,8.0,8.0,8.38
3590,1.0,3590.0,,3590.0,3590.0,3590.0,3590.0,3590.0,1.0,43.2,,43.2,43.2,43.2,43.2,43.2
3600,3.0,3600.0,0.0,3600.0,3600.0,3600.0,3600.0,3600.0,3.0,8.0,0.0,8.0,8.0,8.0,8.0,8.0
3648,2.0,3648.0,0.0,3648.0,3648.0,3648.0,3648.0,3648.0,2.0,34.0,2.8284271247461903,32.0,33.0,34.0,35.0,36.0
3711,7.0,3711.0,0.0,3711.0,3711.0,3711.0,3711.0,3711.0,7.0,10.714285714285714,2.5877458475338284,7.5,9.375,11.25,11.25,15.0
3751,3.0,3751.0,0.0,3751.0,3751.0,3751.0,3751.0,3751.0,3.0,8.0,0.0,8.0,8.0,8.0,8.0,8.0
3818,4.0,3818.0,0.0,3818.0,3818.0,3818.0,3818.0,3818.0,4.0,7.33,0.7736493607140985,6.66,6.66,7.33,8.0,8.0
3831,1.0,3831.0,,3831.0,3831.0,3831.0,3831.0,3831.0,1.0,16.25,,16.25,16.25,16.25,16.25,16.25
3852,1.0,3852.0,,3852.0,3852.0,3852.0,3852.0,3852.0,1.0,8.0,,8.0,8.0,8.0,8.0,8.0
3853,68.0,3853.0,0.0,3853.0,3853.0,3853.0,3853.0,3853.0,68.0,33.35294117647058,14.475264239469277,7.2,21.6,32.4,44.10000000000001,72.0
3856,9.0,3856.0,0.0,3856.0,3856.0,3856.0,3856.0,3856.0,9.0,31.11111111111111,10.540925533894598,20.0,20.0,40.0,40.0,40.0
3876,3.0,3876.0,0.0,3876.0,3876.0,3876.0,3876.0,3876.0,3.0,8.0,0.0,8.0,8.0,8.0,8.0,8.0
3877,7.0,3877.0,0.0,3877.0,3877.0,3877.0,3877.0,3877.0,7.0,21.0,0.0,21.0,21.0,21.0,21.0,21.0
3905,20.0,3905.0,0.0,3905.0,3905.0,3905.0,3905.0,3905.0,20.0,25.134,1.0753525737611542,22.5,25.0,25.0,26.28,26.28
3968,3.0,3968.0,0.0,3968.0,3968.0,3968.0,3968.0,3968.0,3.0,25.63,0.0,25.63,25.63,25.63,25.63,25.63
3977,7.0,3977.0,0.0,3977.0,3977.0,3977.0,3977.0,3977.0,7.0,17.142857142857142,5.398412465054624,12.0,12.0,18.0,21.0,24.0
4011,18.0,4011.0,0.0,4011.0,4011.0,4011.0,4011.0,4011.0,18.0,21.825000000000003,9.534045033766224,10.8,18.75,22.5,22.5,56.25
4054,3.0,4054.0,0.0,4054.0,4054.0,4054.0,4054.0,4054.0,3.0,12.0,4.0,8.0,10.0,12.0,14.0,16.0
4068,3.0,4068.0,0.0,4068.0,4068.0,4068.0,4068.0,4068.0,3.0,29.12,18.91399481865214,7.28,23.66,40.04,40.04,40.04
4096,1.0,4096.0,,4096.0,4096.0,4096.0,4096.0,4096.0,1.0,42.0,,42.0,42.0,42.0,42.0,42.0
4269,2.0,4269.0,0.0,4269.0,4269.0,4269.0,4269.0,4269.0,2.0,16.0,0.0,16.0,16.0,16.0,16.0,16.0
4521,5.0,4521.0,0.0,4521.0,4521.0,4521.0,4521.0,4521.0,5.0,20.0,16.492422502470642,8.0,8.0,8.0,36.0,40.0
4591,1.0,4591.0,,4591.0,4591.0,4591.0,4591.0,4591.0,1.0,18.0,,18.0,18.0,18.0,18.0,18.0
4595,3.0,4595.0,0.0,4595.0,4595.0,4595.0,4595.0,4595.0,3.0,40.0,0.0,40.0,40.0,40.0,40.0,40.0
4622,45.0,4622.0,0.0,4622.0,4622.0,4622.0,4622.0,4622.0,45.0,6.911111111111111,1.9519480039440102,6.0,6.0,6.0,6.0,12.0
4701,65.0,4701.0,0.0,4701.0,4701.0,4701.0,4701.0,4701.0,65.0,11.569230769230769,4.149432305935169,6.0,9.0,12.0,12.0,30.0
4758,2.0,4758.0,0.0,4758.0,4758.0,4758.0,4758.0,4758.0,2.0,8.0,0.0,8.0,8.0,8.0,8.0,8.0
4861,4.0,4861.0,0.0,4861.0,4861.0,4861.0,4861.0,4861.0,4.0,7.5,0.0,7.5,7.5,7.5,7.5,7.5
4913,21.0,4913.0,0.0,4913.0,4913.0,4913.0,4913.0,4913.0,21.0,20.0,0.0,20.0,20.0,20.0,20.0,20.0
4947,19.0,4947.0,0.0,4947.0,4947.0,4947.0,4947.0,4947.0,19.0,14.000000000000004,4.211096452627668,7.6,11.4,15.2,19.0,19.0
4969,4.0,4969.0,0.0,4969.0,4969.0,4969.0,4969.0,4969.0,4.0,40.0,0.0,40.0,40.0,40.0,40.0,40.0
4994,3.0,4994.0,0.0,4994.0,4994.0,4994.0,4994.0,4994.0,3.0,10.666666666666666,4.618802153517006,8.0,8.0,8.0,12.0,16.0
5019,4.0,5019.0,0.0,5019.0,5019.0,5019.0,5019.0,5019.0,4.0,12.0,0.0,12.0,12.0,12.0,12.0,12.0
5200,3.0,5200.0,0.0,5200.0,5200.0,5200.0,5200.0,5200.0,3.0,20.666666666666668,0.5773502691896258,20.0,20.5,21.0,21.0,21.0
5368,30.0,5368.0,0.0,5368.0,5368.0,5368.0,5368.0,5368.0,30.0,8.533333333333333,1.3829836145670422,8.0,8.0,8.0,8.0,12.0
5471,4.0,5471.0,0.0,5471.0,5471.0,5471.0,5471.0,5471.0,4.0,8.0,0.0,8.0,8.0,8.0,8.0,8.0
5594,98.0,5594.0,0.0,5594.0,5594.0,5594.0,5594.0,5594.0,98.0,7.769387755102043,0.7479743315604216,7.2,7.2,7.2,8.0,9.0
5758,5.0,5758.0,0.0,5758.0,5758.0,5758.0,5758.0,5758.0,5.0,9.6,2.1908902300206643,8.0,8.0,8.0,12.0,12.0
5768,6.0,5768.0,0.0,5768.0,5768.0,5768.0,5768.0,5768.0,6.0,20.666666666666668,3.011090610836324,16.0,20.0,20.0,23.0,24.0
5855,5.0,5855.0,0.0,5855.0,5855.0,5855.0,5855.0,5855.0,5.0,15.2,6.572670690061994,8.0,8.0,20.0,20.0,20.0
6025,4.0,6025.0,0.0,6025.0,6025.0,6025.0,6025.0,6025.0,4.0,24.0,0.0,24.0,24.0,24.0,24.0,24.0
6049,8.0,6049.0,0.0,6049.0,6049.0,6049.0,6049.0,6049.0,8.0,7.67625,3.6210611605676357,2.67,6.675000000000001,8.01,8.6775,13.35
6097,4.0,6097.0,0.0,6097.0,6097.0,6097.0,6097.0,6097.0,4.0,8.0,0.0,8.0,8.0,8.0,8.0,8.0
6105,6.0,6105.0,0.0,6105.0,6105.0,6105.0,6105.0,6105.0,6.0,16.958333333333332,1.1226827987756236,16.5,16.5,16.5,16.5,19.25
6435,2.0,6435.0,0.0,6435.0,6435.0,6435.0,6435.0,6435.0,2.0,10.0,2.8284271247461903,8.0,9.0,10.0,11.0,12.0
6481,6.0,6481.0,0.0,6481.0,6481.0,6481.0,6481.0,6481.0,6.0,8.58,0.0,8.58,8.58,8.58,8.58,8.58
6606,2.0,6606.0,0.0,6606.0,6606.0,6606.0,6606.0,6606.0,2.0,16.0,0.0,16.0,16.0,16.0,16.0,16.0
6623,1.0,6623.0,,6623.0,6623.0,6623.0,6623.0,6623.0,1.0,8.0,,8.0,8.0,8.0,8.0,8.0
6638,1.0,6638.0,,6638.0,6638.0,6638.0,6638.0,6638.0,1.0,5.28,,5.28,5.28,5.28,5.28,5.28
6952,4.0,6952.0,0.0,6952.0,6952.0,6952.0,6952.0,6952.0,4.0,23.5,7.54983443527075,18.0,18.0,21.0,26.5,34.0
